minute_block,pressure
2025-07-12 22:02,239.9741935483871
2025-07-12 22:03,245.92857142857142
2025-07-12 22:04,243.45
2025-07-12 22:05,238.1829268292683
2025-07-12 22:06,227.29736842105262
2025-07-12 22:07,228.0560975609756
2025-07-12 22:08,239.2560975609756
2025-07-12 22:09,245.53249999999997
2025-07-12 22:10,243.5625
2025-07-12 22:11,239.24358974358975
2025-07-12 22:12,227.42249999999999
2025-07-12 22:13,233.73170731707316
2025-07-12 22:14,220.5175
2025-07-12 22:15,221.99268292682927
2025-07-12 22:16,207.1820512820513
2025-07-12 22:17,203.33499999999998
2025-07-12 22:18,214.5725
2025-07-12 22:19,231.2947368421053
2025-07-12 22:20,222.70731707317074
2025-07-12 22:21,206.3
2025-07-12 22:22,230.55384615384617
2025-07-12 22:23,243.675
2025-07-12 22:24,241.64210526315787
2025-07-12 22:25,240.98717948717947
2025-07-12 22:26,242.565
2025-07-12 22:27,134.7
2025-07-12 22:28,136.40243902439025
2025-07-12 22:29,133.56578947368422
2025-07-12 22:30,117.75999999999999
2025-07-12 22:31,119.69024390243902
2025-07-12 22:32,135.3219512195122
2025-07-12 22:33,147.11463414634147
2025-07-12 22:34,155.8175
2025-07-12 22:35,144.0125
2025-07-12 22:36,110.85499999999999
2025-07-12 22:37,95.575
2025-07-12 22:38,61.485
2025-07-12 22:39,50.052499999999995
2025-07-12 22:40,67.01794871794871
2025-07-12 22:41,68.59024390243901
2025-07-12 22:42,100.9875
2025-07-12 22:43,131.09473684210528
2025-07-12 22:44,132.6681818181818
2025-07-12 22:45,95.6875
2025-07-12 22:46,90.4425
2025-07-12 22:47,87.59
2025-07-12 22:48,106.79
2025-07-12 22:49,108.84
2025-07-12 22:50,102.03636363636365
2025-07-12 22:51,98.81818181818181
2025-07-12 22:52,79.53636363636363
2025-07-12 22:53,77.2
2025-07-12 22:54,78.89090909090909
2025-07-12 22:55,71.7909090909091
2025-07-12 22:56,76.70909090909092
2025-07-12 22:57,81.74166666666666
2025-07-12 22:58,81.32727272727273
2025-07-12 22:59,72.97999999999999
2025-07-12 23:00,58.99090909090909
2025-07-12 23:01,44.199999999999996
2025-07-12 23:02,39.809090909090905
2025-07-12 23:03,38.9
2025-07-12 23:57,110.19999999999999
2025-07-12 23:58,116.6
2025-07-12 23:59,122.19090909090909
2025-07-13 00:00,111.28181818181817
2025-07-13 00:01,114.88333333333333
2025-07-13 00:02,96.05833333333334
2025-07-13 00:03,84.0909090909091
2025-07-13 00:04,81.7090909090909
2025-07-13 00:05,83.42727272727274
2025-07-13 00:06,76.01818181818182
2025-07-13 00:07,67.54545454545455
2025-07-13 00:08,75.36363636363636
2025-07-13 00:09,80.72727272727273
2025-07-13 00:10,75.96000000000001
2025-07-13 00:11,88.34545454545454
2025-07-13 00:12,89.45454545454545
2025-07-13 00:13,77.77272727272727
2025-07-13 00:14,68.42727272727274
2025-07-13 00:15,56.709090909090904
2025-07-13 00:16,55.13636363636363
2025-07-13 00:17,56.09090909090909
2025-07-13 00:18,47.49090909090909
2025-07-13 00:19,36.20909090909091
2025-07-13 00:20,26.79090909090909
2025-07-13 00:21,18.91
2025-07-13 00:22,31.636363636363637
2025-07-13 00:23,25.227272727272727
2025-07-13 00:24,24.145454545454548
2025-07-13 00:25,20.914285714285715
2025-07-13 00:26,109.10000000000001
2025-07-13 00:27,108.89090909090909
2025-07-13 00:28,110.35454545454546
2025-07-13 00:29,107.01818181818182
2025-07-13 00:30,101.65454545454546
2025-07-13 00:31,105.2090909090909
2025-07-13 00:32,108.86363636363636
2025-07-13 00:33,116.34545454545454
2025-07-13 00:34,119.2
2025-07-13 00:35,118.5090909090909
2025-07-13 00:36,127.93636363636364
2025-07-13 00:37,128.23
2025-07-13 00:38,133.97272727272727
2025-07-13 00:39,148.9
2025-07-13 00:40,146.60909090909092
2025-07-13 00:41,145.95000000000002
2025-07-13 00:42,149.20000000000002
2025-07-13 00:43,150.97272727272727
2025-07-13 00:44,155.9090909090909
2025-07-13 00:45,153.0909090909091
2025-07-13 00:46,164.35454545454544
2025-07-13 00:47,166.59
2025-07-13 00:48,161.75454545454545
2025-07-13 00:49,153.04545454545453
2025-07-13 00:50,152.78181818181818
2025-07-13 00:51,152.3941176470588
2025-07-13 00:52,150.36
2025-07-13 00:53,155.10666666666665
2025-07-13 00:54,167.6529411764706
2025-07-13 00:55,179.16666666666666
2025-07-13 00:56,177.80555555555554
2025-07-13 00:57,160.4
2025-07-13 00:58,154.37692307692308
2025-07-13 00:59,153.58666666666667
2025-07-13 01:00,150.9470588235294
2025-07-13 01:01,139.17333333333332
2025-07-13 01:02,136.13333333333335
2025-07-13 01:03,131.8470588235294
2025-07-13 01:04,136.19375
2025-07-13 01:05,143.28235294117647
2025-07-13 01:06,133.63333333333333
2025-07-13 01:07,130.125
2025-07-13 01:08,148.22857142857143
2025-07-13 01:09,165.2941176470588
2025-07-13 01:10,158.88
2025-07-13 01:11,152.0875
2025-07-13 01:12,145.64999999999998
2025-07-13 01:13,139.66470588235296
2025-07-13 01:14,142.76470588235293
2025-07-13 01:15,135.34375
2025-07-13 01:16,127.61764705882354
2025-07-13 01:17,129.75
2025-07-13 01:18,131.99375
2025-07-13 01:19,118.58666666666666
2025-07-13 01:20,128.11176470588236
2025-07-13 01:21,131.64117647058825
2025-07-13 01:22,131.4625
2025-07-13 01:23,131.24285714285716
2025-07-13 01:24,133.06153846153845
2025-07-13 01:25,125.99285714285715
2025-07-13 01:26,126.37857142857142
2025-07-13 01:27,123.30714285714285
2025-07-13 01:28,112.11666666666667
2025-07-13 01:29,116.78571428571429
2025-07-13 01:30,106.53529411764706
2025-07-13 01:31,103.96111111111111
2025-07-13 01:32,123.24615384615385
2025-07-13 01:33,127.12666666666668
2025-07-13 01:34,146.24705882352941
2025-07-13 01:35,163.61176470588236
2025-07-13 01:36,168.45625
2025-07-13 01:37,163.94615384615386
2025-07-13 01:38,149.56875
2025-07-13 01:39,138.0375
2025-07-13 01:40,151.42666666666668
2025-07-13 01:41,161.3875
2025-07-13 01:42,160.2642857142857
2025-07-13 01:43,152.0375
2025-07-13 01:44,152.46923076923076
2025-07-13 01:45,148.79285714285714
2025-07-13 01:46,160.95
2025-07-13 01:47,166.525
2025-07-13 01:48,167.05555555555554
2025-07-13 02:11,143.55
2025-07-13 02:12,102.0090909090909
2025-07-13 02:13,84.34545454545454
2025-07-13 02:40,106.0
2025-07-13 02:41,102.7909090909091
2025-07-13 02:42,104.2818181818182
2025-07-13 02:43,101.7090909090909
2025-07-13 02:44,105.1
2025-07-13 02:45,108.34545454545454
2025-07-13 02:46,106.74545454545455
2025-07-13 02:47,106.12727272727274
2025-07-13 02:48,99.85000000000001
2025-07-13 02:59,105.92500000000001
2025-07-13 03:00,107.05454545454545
2025-07-13 03:01,114.6
2025-07-13 10:53,113.2
2025-07-13 10:54,119.1
2025-07-13 10:55,123.47999999999999
2025-07-13 10:56,121.21818181818183
2025-07-13 10:57,116.9909090909091
2025-07-13 10:58,128.20000000000002
2025-07-13 10:59,133.58333333333334
2025-07-13 11:00,126.69090909090909
2025-07-13 11:01,117.46363636363635
2025-07-13 11:02,112.1
2025-07-13 12:39,105.37
2025-07-13 12:40,108.15
2025-07-13 13:16,115.1
2025-07-13 13:17,122.67272727272729
2025-07-13 13:18,116.22222222222223
2025-07-13 14:18,108.575
2025-07-13 14:19,110.08181818181819
2025-07-13 14:20,115.88571428571429
2025-07-13 23:58,107.35
2025-07-13 23:59,109.82727272727274
2025-07-14 00:00,94.24545454545455
2025-07-14 00:01,113.12
2025-07-14 00:02,133.8777777777778
2025-07-14 00:03,115.92727272727274
2025-07-14 00:04,116.31818181818181
2025-07-14 00:05,111.35454545454546
2025-07-14 00:06,112.31818181818181
2025-07-14 00:07,90.22727272727273
2025-07-14 00:08,81.4090909090909
2025-07-14 00:09,74.33636363636364
2025-07-14 00:10,80.10909090909091
2025-07-14 00:11,90.05
2025-07-14 00:12,86.30000000000001
2025-07-14 00:13,96.96363636363635
2025-07-14 00:14,105.33333333333333
2025-07-14 01:03,113.43333333333334
2025-07-14 01:04,118.2909090909091
2025-07-14 01:05,121.66363636363636
2025-07-14 01:06,116.42727272727274
2025-07-14 01:07,116.10833333333333
2025-07-14 01:08,122.85454545454544
2025-07-14 01:09,130.4181818181818
2025-07-14 01:10,130.28
2025-07-14 01:59,102.8
2025-07-14 02:00,106.49000000000001
2025-07-14 02:01,96.13333333333333
2025-07-14 10:45,108.15
2025-07-14 13:52,111.075
2025-07-14 13:53,109.4909090909091
2025-07-14 13:54,99.4090909090909
2025-07-14 13:55,93.51818181818182
2025-07-14 13:56,98.67272727272729
2025-07-14 13:57,107.27272727272727
2025-07-14 13:58,111.54545454545455
2025-07-14 13:59,106.47272727272728
2025-07-14 14:00,99.24545454545455
2025-07-14 14:01,85.36363636363636
2025-07-14 14:02,82.07272727272726
2025-07-14 14:03,73.93636363636364
2025-07-14 14:04,66.49090909090908
2025-07-14 14:05,68.7
2025-07-14 14:06,66.64999999999999
2025-07-14 14:07,66.31818181818181
2025-07-14 14:08,63.31818181818182
2025-07-14 14:09,58.28181818181818
2025-07-14 14:10,48.709090909090904
2025-07-14 14:11,36.309090909090905
2025-07-14 14:12,35.86363636363637
2025-07-14 14:13,36.56363636363636
2025-07-14 14:14,14.509090909090908
2025-07-14 14:15,6.13
2025-07-14 14:16,15.399999999999999
2025-07-14 14:17,20.990909090909092
2025-07-14 14:18,32.345454545454544
2025-07-14 14:19,30.345454545454547
2025-07-14 14:20,33.5
2025-07-14 14:21,52.28181818181818
2025-07-14 14:22,54.63636363636363
2025-07-14 14:23,51.21818181818182
2025-07-14 14:24,42.0
2025-07-14 14:25,38.43
2025-07-14 14:26,41.52727272727273
2025-07-14 14:27,49.90909090909091
2025-07-14 14:28,56.60909090909092
2025-07-14 14:29,67.89090909090909
2025-07-14 14:30,73.34545454545454
2025-07-14 14:31,76.32727272727273
2025-07-14 14:32,70.84545454545454
2025-07-14 14:33,73.54545454545455
2025-07-14 14:34,62.627272727272725
2025-07-14 14:35,45.836363636363636
2025-07-14 14:36,40.010000000000005
2025-07-14 14:37,46.31818181818182
2025-07-14 14:38,57.958333333333336
2025-07-14 14:39,73.64545454545454
2025-07-14 14:40,74.33636363636364
2025-07-14 14:41,65.0
2025-07-14 14:42,54.26363636363636
2025-07-14 14:43,56.00909090909091
2025-07-14 14:44,59.38181818181818
2025-07-14 14:45,63.04545454545455
2025-07-14 14:46,65.84
2025-07-14 14:47,78.75454545454545
2025-07-14 14:48,91.44
2025-07-14 14:49,97.5090909090909
2025-07-14 14:50,99.60909090909091
2025-07-14 14:51,110.41818181818181
2025-07-14 14:52,112.5909090909091
2025-07-14 14:53,109.24166666666667
2025-07-14 14:54,104.60909090909091
2025-07-14 14:55,111.60909090909091
2025-07-14 14:56,106.95454545454545
2025-07-14 14:57,133.41
2025-07-14 14:58,137.89999999999998
2025-07-14 14:59,140.28181818181818
2025-07-14 15:00,134.6727272727273
2025-07-14 15:01,136.71818181818182
2025-07-14 15:02,139.95454545454547
2025-07-14 15:03,139.9909090909091
2025-07-14 15:04,136.47272727272727
2025-07-14 15:05,147.22727272727272
2025-07-14 15:06,147.48181818181817
2025-07-14 15:07,144.1909090909091
2025-07-14 15:08,145.67000000000002
2025-07-14 15:09,145.22727272727272
2025-07-14 15:10,138.84545454545454
2025-07-14 15:11,135.5818181818182
2025-07-14 15:12,124.95454545454545
2025-07-14 15:13,125.7
2025-07-14 15:14,126.55454545454545
2025-07-14 15:15,132.94545454545457
2025-07-14 15:16,139.57272727272726
2025-07-14 15:17,134.5909090909091
2025-07-14 15:18,142.8272727272727
2025-07-14 15:19,152.57
2025-07-14 15:20,143.02
2025-07-14 15:21,149.0818181818182
2025-07-14 15:22,157.50909090909093
2025-07-14 15:23,171.0
2025-07-14 15:24,170.0818181818182
2025-07-14 15:25,171.85
2025-07-14 17:16,164.4
2025-07-14 17:17,161.13636363636363
2025-07-14 17:18,161.45454545454547
2025-07-14 17:19,150.28181818181818
2025-07-14 17:20,152.60909090909092
2025-07-14 17:21,149.89090909090908
2025-07-14 17:22,143.87
2025-07-14 17:23,122.53636363636365
2025-07-14 17:24,120.7
2025-07-14 17:25,130.5090909090909
2025-07-14 17:26,123.26363636363637
2025-07-14 17:27,131.95999999999998
2025-07-14 17:28,142.4090909090909
2025-07-14 17:29,139.9090909090909
2025-07-14 17:30,145.75454545454545
2025-07-14 17:31,156.02727272727273
2025-07-14 17:32,166.84545454545454
2025-07-14 17:33,175.78
2025-07-14 17:34,174.1
2025-07-14 17:35,168.37272727272727
2025-07-14 17:36,171.96363636363637
2025-07-14 17:37,183.35
2025-07-14 17:38,179.82999999999998
2025-07-14 17:39,169.4909090909091
2025-07-14 17:40,152.86363636363637
2025-07-14 17:41,143.0090909090909
2025-07-14 17:42,126.34545454545454
2025-07-14 17:43,120.87272727272726
2025-07-14 17:44,116.57272727272726
2025-07-14 17:45,117.4
2025-07-14 18:01,121.3
2025-07-14 20:30,120.04444444444445
2025-07-14 20:31,117.71818181818183
2025-07-14 20:32,112.7
2025-07-14 23:06,114.3
2025-07-14 23:07,109.41818181818181
2025-07-14 23:08,107.47272727272728
2025-07-14 23:09,99.53636363636365
2025-07-14 23:10,95.51818181818182
2025-07-14 23:11,102.95454545454545
2025-07-15 00:19,100.12857142857142
2025-07-15 00:20,116.64545454545456
2025-07-15 00:21,107.3
2025-07-15 01:02,91.97500000000001
2025-07-15 01:03,86.38571428571429
2025-07-15 15:26,95.5
2025-07-15 15:27,99.42999999999999
2025-07-15 16:50,100.03333333333335
2025-07-15 16:51,107.2909090909091
2025-07-15 16:52,115.39090909090909
2025-07-15 16:53,126.04545454545455
2025-07-15 16:54,123.1
2025-07-15 16:55,107.7909090909091
2025-07-15 16:56,117.38181818181819
2025-07-15 16:57,124.32727272727271
2025-07-15 16:58,125.33636363636364
2025-07-15 16:59,124.30909090909091
2025-07-15 17:00,134.6
2025-07-15 19:01,93.25
2025-07-15 19:02,95.2
2025-07-15 19:03,89.67272727272727
2025-07-15 19:04,93.89090909090909
2025-07-15 19:05,94.34444444444445
2025-07-15 19:06,98.04545454545455
2025-07-15 19:07,87.2090909090909
2025-07-15 19:08,81.2909090909091
2025-07-15 19:09,85.21818181818182
2025-07-15 19:10,85.08181818181818
2025-07-15 19:11,89.82727272727273
2025-07-15 19:12,85.60000000000001
2025-07-15 19:13,84.13
2025-07-15 19:14,74.54545454545455
2025-07-15 19:15,62.42727272727273
2025-07-15 19:16,62.49090909090909
2025-07-15 19:17,69.62727272727273
2025-07-15 19:18,74.56363636363636
2025-07-15 19:19,80.33636363636364
2025-07-15 19:20,90.67272727272727
2025-07-15 19:21,95.67272727272729
2025-07-15 19:22,110.0
2025-07-15 19:23,113.13636363636364
2025-07-15 19:24,111.03636363636365
2025-07-15 19:25,102.68181818181819
2025-07-15 19:26,91.54545454545455
2025-07-15 19:27,82.26666666666667
2025-07-15 23:55,95.5
2025-07-15 23:56,108.37272727272726
2025-07-15 23:57,109.96363636363635
2025-07-15 23:58,118.12727272727274
2025-07-15 23:59,126.50833333333333
2025-07-16 00:00,119.45454545454545
2025-07-16 00:01,119.03
2025-07-16 00:02,106.975
2025-07-16 09:24,98.875
2025-07-16 13:34,107.46
2025-07-16 13:35,104.36363636363636
2025-07-16 13:36,98.93333333333334
2025-07-17 12:05,117.32000000000001
2025-07-17 12:06,120.1
2025-07-17 13:46,103.425
2025-07-17 13:47,101.61818181818181
2025-07-17 13:48,95.36363636363636
2025-07-17 13:49,89.94
2025-07-17 13:50,100.34545454545454
2025-07-17 13:51,106.03636363636365
2025-07-17 13:52,103.82727272727271
2025-07-17 13:53,101.5909090909091
2025-07-17 13:54,104.2
2025-07-17 13:55,111.72727272727273
2025-07-17 13:56,109.0090909090909
2025-07-17 13:57,113.95454545454545
2025-07-17 13:58,109.38
2025-07-17 17:37,116.38181818181819
2025-07-17 17:38,118.1
2025-07-17 17:39,114.21818181818183
2025-07-17 17:40,111.26666666666667
2025-07-17 17:41,124.85000000000001
2025-07-17 17:42,110.14444444444445
2025-07-18 14:32,107.35
2025-07-18 14:33,126.725
2025-07-18 14:34,105.55454545454545
2025-07-18 14:35,110.69090909090909
2025-07-18 14:36,115.3
2025-07-18 14:37,121.18181818181819
2025-07-18 14:38,119.5909090909091
2025-07-18 14:39,113.94545454545455
2025-07-18 14:40,102.24545454545455
2025-07-18 14:41,95.26
2025-07-18 14:42,113.02727272727272
2025-07-18 14:43,122.45454545454545
2025-07-18 14:44,123.08181818181819
2025-07-18 14:45,117.50999999999999
2025-07-18 14:46,124.2
2025-07-18 14:47,118.6
2025-07-18 14:48,111.62727272727274
2025-07-18 14:49,102.85454545454546
2025-07-18 14:50,94.0090909090909
2025-07-18 14:51,88.91818181818182
2025-07-18 14:52,75.98181818181818
2025-07-18 14:53,75.85
2025-07-18 14:54,75.22727272727273
2025-07-18 14:55,74.38181818181819
2025-07-18 14:56,81.28181818181818
2025-07-18 14:57,86.07272727272726
2025-07-18 14:58,87.89999999999999
2025-07-18 14:59,89.8
2025-07-19 10:47,105.05
2025-07-19 10:48,107.34545454545454
2025-07-19 10:49,108.325
2025-07-19 10:50,110.9
2025-07-19 10:51,108.06363636363636
2025-07-19 10:52,95.2090909090909
2025-07-19 10:53,96.72727272727273
2025-07-19 10:54,100.41818181818181
2025-07-19 10:55,109.55454545454545
2025-07-19 10:56,103.53636363636365
2025-07-19 10:57,107.48181818181818
2025-07-19 10:58,114.05454545454545
2025-07-19 10:59,116.73636363636363
2025-07-19 11:00,115.44545454545455
2025-07-19 11:01,128.5
2025-07-19 11:02,125.10000000000001
2025-07-19 11:03,130.60909090909092
2025-07-19 11:04,130.43636363636364
2025-07-19 11:05,137.3272727272727
2025-07-19 11:06,140.29999999999998
2025-07-19 11:07,123.4090909090909
2025-07-19 11:08,126.66363636363636
2025-07-19 11:09,130.94545454545457
2025-07-19 11:10,126.17
2025-07-19 11:11,125.21818181818183
2025-07-19 11:12,129.5818181818182
2025-07-19 11:13,127.35000000000001
2025-07-19 11:14,116.28181818181817
2025-07-19 11:15,103.5909090909091
2025-07-19 11:16,102.74545454545455
2025-07-19 11:17,101.98181818181818
2025-07-19 11:18,112.06363636363636
2025-07-19 11:19,128.37272727272727
2025-07-19 11:20,116.92999999999999
2025-07-19 11:21,108.75454545454545
2025-07-19 11:22,106.14545454545454
2025-07-19 11:23,100.76363636363637
2025-07-19 11:24,109.96363636363635
2025-07-19 11:25,108.95
2025-07-19 11:26,123.0090909090909
2025-07-19 11:27,137.14545454545453
2025-07-19 11:28,135.0909090909091
2025-07-19 11:29,131.1727272727273
2025-07-19 11:30,126.80999999999999
2025-07-19 11:31,125.7
2025-07-19 11:32,113.5090909090909
2025-07-19 11:33,112.23636363636363
2025-07-19 11:34,109.23636363636363
2025-07-19 11:35,91.01818181818182
2025-07-19 11:36,77.84545454545454
2025-07-19 11:37,65.32727272727273
2025-07-19 11:38,69.47500000000001
2025-07-19 11:39,79.60909090909091
2025-07-19 11:40,91.4
2025-07-19 11:41,93.36363636363636
2025-07-19 11:42,86.99090909090908
2025-07-19 11:43,81.67272727272727
2025-07-19 11:44,96.95454545454545
2025-07-19 11:45,100.7909090909091
2025-07-19 11:46,91.98181818181818
2025-07-19 11:47,84.10909090909091
2025-07-19 11:48,95.57272727272726
2025-07-19 11:49,110.2
2025-07-19 11:50,113.16363636363636
2025-07-19 11:51,114.2909090909091
2025-07-19 11:52,111.76363636363637
2025-07-19 11:53,119.25454545454545
2025-07-19 11:54,114.8
2025-07-19 11:55,115.19090909090909
2025-07-19 11:56,120.37272727272726
2025-07-19 11:57,114.25454545454545
2025-07-19 11:58,123.05454545454545
2025-07-19 11:59,124.26363636363637
2025-07-19 12:00,113.97272727272728
2025-07-19 12:01,115.3
2025-07-19 12:02,109.41818181818181
2025-07-19 12:03,123.88181818181819
2025-07-19 12:04,121.2909090909091
2025-07-19 12:05,120.65454545454546
2025-07-19 12:06,109.38181818181819
2025-07-19 12:07,107.82727272727271
2025-07-19 12:08,103.56363636363636
2025-07-19 12:09,114.7
2025-07-19 12:10,118.63636363636364
2025-07-19 12:11,117.10999999999999
2025-07-19 12:12,110.26363636363637
2025-07-19 12:13,111.5090909090909
2025-07-19 12:14,137.20000000000002
2025-07-19 12:15,129.38181818181818
2025-07-19 12:16,136.05454545454543
2025-07-19 12:17,138.5909090909091
2025-07-19 12:18,120.76363636363637
2025-07-19 12:19,115.84
2025-07-19 17:42,109.04444444444444
2025-07-19 17:43,107.89090909090909
2025-07-19 17:44,114.93333333333334
2025-07-19 17:52,107.75555555555555
2025-07-19 17:53,106.15454545454546
2025-07-19 17:54,105.12727272727274
2025-07-19 17:55,106.34545454545454
2025-07-19 17:56,106.85454545454546
2025-07-19 17:57,115.16363636363636
2025-07-19 17:58,111.59
2025-07-19 17:59,94.03636363636365
2025-07-19 18:00,84.39090909090909
2025-07-19 18:01,90.69090909090909
2025-07-19 18:02,84.2090909090909
2025-07-19 18:03,90.27272727272727
2025-07-19 18:04,98.60909090909091
2025-07-19 18:05,112.01818181818182
2025-07-19 18:06,110.04
2025-07-19 18:07,109.21818181818183
2025-07-19 18:08,117.27272727272727
2025-07-19 18:09,112.68181818181819
2025-07-19 18:10,116.33636363636364
2025-07-19 18:11,118.9
2025-07-19 18:12,125.31818181818181
2025-07-19 18:13,118.5090909090909
2025-07-19 18:14,114.35
2025-07-19 18:15,107.45454545454545
2025-07-19 18:16,103.21818181818183
2025-07-19 18:17,104.18181818181819
2025-07-19 18:18,102.85454545454546
2025-07-19 18:19,100.36363636363636
2025-07-19 18:20,101.36363636363636
2025-07-19 18:21,94.39090909090909
2025-07-19 18:22,91.24545454545455
2025-07-19 18:23,82.37272727272727
2025-07-19 18:24,81.10000000000001
2025-07-19 18:25,80.42999999999999
2025-07-19 18:26,87.28181818181818
2025-07-19 18:27,104.0909090909091
2025-07-19 18:28,105.08181818181819
2025-07-19 18:29,82.65454545454546
2025-07-19 18:30,81.00909090909092
2025-07-19 18:31,88.03636363636363
2025-07-19 18:32,107.62
2025-07-19 18:33,112.47272727272728
2025-07-19 18:34,112.5090909090909
2025-07-19 18:35,111.93636363636364
2025-07-19 18:36,117.35454545454546
2025-07-19 18:37,117.30999999999999
2025-07-19 18:38,126.05454545454545
2025-07-19 18:39,120.8
2025-07-19 18:40,124.2
2025-07-19 18:41,125.11818181818181
2025-07-19 18:42,117.27499999999999
2025-07-19 18:43,122.76363636363637
2025-07-19 18:44,122.46363636363635
2025-07-19 18:45,116.61818181818181
2025-07-19 18:46,124.05454545454545
2025-07-19 18:47,124.64000000000001
2025-07-19 18:48,129.3272727272727
2025-07-19 18:49,137.60909090909092
2025-07-19 18:50,134.8181818181818
2025-07-19 18:51,120.24545454545455
2025-07-19 18:52,131.92727272727274
2025-07-19 18:53,131.37272727272727
2025-07-19 18:54,116.74545454545455
2025-07-19 18:55,107.0090909090909
2025-07-19 18:56,115.13636363636364
2025-07-19 18:57,116.9909090909091
2025-07-19 18:58,115.75
2025-07-19 18:59,111.95454545454545
2025-07-19 19:00,107.74545454545455
2025-07-19 19:01,106.2909090909091
2025-07-19 19:02,91.8
2025-07-19 19:03,92.66363636363636
2025-07-19 19:04,99.54545454545455
2025-07-19 19:05,94.69090909090909
2025-07-19 19:06,94.89090909090909
2025-07-19 19:07,91.63
2025-07-19 19:08,109.75999999999999
2025-07-19 19:09,100.89999999999999
2025-07-19 19:10,97.63636363636364
2025-07-19 19:11,100.9
2025-07-19 19:12,104.67272727272729
2025-07-19 19:13,95.7
2025-07-19 19:14,95.07272727272726
2025-07-19 19:15,92.98181818181818
2025-07-19 19:16,88.31818181818181
2025-07-19 19:17,74.9090909090909
2025-07-19 19:18,87.89999999999999
2025-07-19 19:19,105.38181818181819
2025-07-19 19:20,115.86363636363636
2025-07-19 19:21,126.5909090909091
2025-07-19 19:22,138.25454545454545
2025-07-19 19:23,131.85454545454547
2025-07-19 19:24,124.4909090909091
2025-07-19 19:25,136.16363636363636
2025-07-19 19:26,139.28181818181818
2025-07-19 19:27,151.74
2025-07-19 19:28,152.875
2025-07-19 19:29,158.1222222222222
2025-07-19 19:36,107.1
2025-07-19 19:37,103.53
2025-07-19 19:38,99.80909090909091
2025-07-19 19:39,108.38181818181819
2025-07-19 19:40,108.38181818181819
2025-07-19 19:41,117.93636363636364
2025-07-19 19:42,109.4
2025-07-20 00:16,105.84285714285714
2025-07-20 00:17,104.125
2025-07-20 00:18,97.67272727272729
2025-07-20 00:19,82.00909090909092
2025-07-20 00:20,73.55454545454546
2025-07-20 00:21,75.0909090909091
2025-07-20 00:22,82.10909090909091
2025-07-20 00:23,88.54545454545455
2025-07-20 00:24,84.39090909090909
2025-07-20 00:25,87.35454545454546
2025-07-20 00:26,88.18181818181819
2025-07-20 00:27,78.96363636363637
2025-07-20 00:28,87.7090909090909
2025-07-20 00:29,93.60909090909091
2025-07-20 00:30,107.6
2025-07-20 00:31,116.73636363636363
2025-07-20 00:32,111.04545454545455
2025-07-20 00:33,111.28181818181817
2025-07-20 00:34,102.37272727272726
2025-07-20 00:35,104.9909090909091
2025-07-20 00:36,106.75999999999999
2025-07-20 00:37,107.42727272727274
2025-07-20 00:38,109.64166666666667
2025-07-20 00:39,104.17999999999999
2025-07-21 02:12,109.33333333333333
2025-07-21 02:13,105.825
2025-07-21 02:14,90.22727272727273
2025-07-21 02:15,73.64166666666667
2025-07-21 02:16,69.85000000000001
2025-07-21 02:17,61.17272727272727
2025-07-21 02:18,59.300000000000004
2025-07-21 02:19,60.73333333333333
2025-07-21 02:20,58.76666666666667
2025-07-21 02:21,61.96363636363637
2025-07-21 02:22,78.375
2025-07-21 02:23,92.5
2025-07-21 02:24,86.11818181818181
2025-07-21 02:25,82.80833333333334
2025-07-21 02:26,80.51666666666667
2025-07-21 02:27,85.08333333333333
2025-07-21 02:28,84.41818181818182
2025-07-21 02:29,71.10833333333333
2025-07-21 02:30,57.333333333333336
2025-07-21 02:31,58.4
2025-07-21 02:32,118.41
2025-07-21 02:33,114.83749999999999
2025-07-21 02:34,105.2
2025-07-21 02:35,110.73636363636363
2025-07-21 02:36,120.7
2025-07-21 02:37,129.79166666666666
2025-07-21 02:38,129.0909090909091
2025-07-21 02:39,126.08333333333333
2025-07-21 02:40,126.80833333333334
2025-07-21 02:41,129.55833333333334
2025-07-21 02:42,130.27272727272728
2025-07-21 02:43,141.45000000000002
2025-07-21 02:44,146.39999999999998
2025-07-21 02:45,147.125
2025-07-21 02:46,150.14000000000001
2025-07-21 02:49,112.17999999999999
2025-07-21 02:50,107.71
2025-07-21 02:51,105.87272727272726
2025-07-21 02:52,97.2
2025-07-21 03:01,103.35
2025-07-21 03:02,105.78181818181817
2025-07-21 03:03,106.77272727272727
2025-07-21 03:04,114.18181818181819
2025-07-21 03:05,114.04545454545455
2025-07-21 03:06,121.7909090909091
2025-07-21 03:07,129.47272727272727
2025-07-21 03:08,124.33
2025-07-21 03:09,115.2
2025-07-21 03:38,117.88571428571429
2025-07-21 03:39,124.7090909090909
2025-07-21 03:40,134.76
2025-07-21 04:22,119.73333333333333
2025-07-21 04:23,119.50833333333333
2025-07-21 04:24,104.3
2025-07-21 04:25,105.79166666666667
2025-07-21 04:26,97.87272727272726
2025-07-21 04:27,90.97500000000001
2025-07-21 04:28,96.35000000000001
2025-07-21 04:29,90.24166666666667
2025-07-21 04:30,97.9090909090909
2025-07-21 04:31,104.64166666666667
2025-07-21 04:32,94.19166666666666
2025-07-21 04:33,87.425
2025-07-21 04:34,80.26666666666667
2025-07-21 05:12,109.95555555555556
2025-07-21 05:13,110.45555555555556
2025-07-21 05:14,126.80909090909091
2025-07-21 05:15,138.35454545454544
2025-07-21 05:16,148.85999999999999
2025-07-21 05:17,151.47
2025-07-21 05:18,140.87272727272727
2025-07-21 05:19,145.71818181818182
2025-07-21 05:20,139.85454545454547
2025-07-21 05:21,133.93636363636364
2025-07-21 05:22,133.0090909090909
2025-07-21 05:23,148.1818181818182
2025-07-21 05:24,151.1727272727273
2025-07-21 05:25,150.3181818181818
2025-07-21 05:26,146.78181818181818
2025-07-21 05:27,121.98181818181818
2025-07-21 05:28,105.58
2025-07-21 05:29,90.16363636363636
2025-07-21 05:30,85.5909090909091
2025-07-21 05:31,80.43636363636364
2025-07-21 05:32,81.55454545454546
2025-07-21 05:33,76.75454545454545
2025-07-21 05:34,84.27777777777777
2025-07-21 05:35,109.28571428571429
2025-07-21 05:36,116.7
2025-07-21 05:37,131.72727272727272
2025-07-21 05:38,143.89090909090908
2025-07-21 05:39,151.23
2025-07-21 05:40,159.57999999999998
2025-07-21 05:41,164.11818181818182
2025-07-21 05:42,168.25454545454545
2025-07-21 05:43,173.87272727272727
2025-07-21 05:44,177.44545454545457
2025-07-21 05:45,178.04545454545453
2025-07-21 05:46,164.70000000000002
2025-07-21 05:47,168.9
2025-07-21 21:54,100.32
2025-07-21 21:55,91.7
2025-07-22 00:00,114.45
2025-07-22 00:01,111.97999999999999
2025-07-22 00:02,108.91428571428571
2025-07-30 22:31,107.60999999999999
2025-07-30 22:32,103.50999999999999
2025-07-30 22:33,97.97272727272728
2025-07-30 22:34,106.54
2025-07-30 22:35,102.9
2025-07-30 22:36,110.6
2025-07-30 22:37,108.58
2025-07-30 22:38,100.51818181818182
2025-07-30 22:39,102.32727272727271
2025-07-30 22:40,102.45
2025-07-30 22:41,98.19090909090909
2025-07-30 22:42,96.2090909090909
2025-07-30 22:43,82.39
2025-07-30 22:44,84.53636363636363
2025-07-30 22:45,85.77272727272727
2025-07-30 22:46,82.66363636363636
2025-07-30 22:47,86.28181818181818
2025-07-30 22:48,86.84
2025-07-30 22:49,86.83
2025-07-30 22:50,106.08
2025-07-30 22:51,98.66
2025-07-30 22:52,107.21
2025-07-30 22:53,109.9
2025-07-31 20:43,112.55000000000001
2025-07-31 20:44,118.14000000000001
2025-07-31 20:45,107.1
2025-07-31 20:46,108.3
2025-07-31 20:47,124.27777777777777
2025-08-03 15:42,114.0111111111111
2025-08-14 13:41,112.85
2025-08-14 13:42,106.5
2025-08-15 01:05,118.85000000000001
2025-08-15 01:06,118.15
2025-08-17 21:31,111.44545454545455
2025-08-17 21:32,121.93636363636364
2025-08-17 21:33,131.51818181818183
2025-08-17 21:34,123.78181818181817
2025-08-17 21:35,120.03636363636365
2025-08-17 21:36,129.27272727272728
2025-08-17 21:37,134.475
2025-08-17 21:38,135.4909090909091
2025-08-17 21:39,130.25454545454545
2025-08-17 21:40,127.85
2025-08-17 21:41,126.38181818181819
2025-08-17 21:42,128.45454545454547
2025-08-17 21:43,126.16363636363636
2025-08-17 21:44,106.4
2025-08-17 21:45,105.1
2025-08-17 21:46,100.64999999999999
2025-08-17 21:47,98.01818181818182
2025-08-17 21:48,95.72727272727273
2025-08-17 21:49,97.57272727272726
2025-08-17 21:50,111.02000000000001
2025-08-17 21:51,101.41818181818181
2025-08-17 21:52,105.54545454545455
2025-08-17 21:53,99.72727272727273
2025-08-17 21:54,88.85000000000001
2025-08-17 21:55,84.87272727272727
2025-08-17 21:56,87.08181818181818
2025-08-17 21:57,100.15454545454546
2025-08-17 21:58,89.10909090909091
2025-08-17 21:59,78.54545454545455
2025-08-17 22:00,70.85
2025-08-17 22:01,69.43636363636364
2025-08-17 22:02,67.15833333333333
2025-08-17 22:03,67.77272727272727
2025-08-17 22:04,55.472727272727276
2025-08-17 22:05,49.68181818181818
2025-08-17 22:06,49.41818181818182
2025-08-17 22:07,44.74545454545454
2025-08-17 22:08,32.08181818181818
2025-08-17 22:09,31.736363636363638
2025-08-17 22:10,19.81
2025-08-17 22:11,13.3
2025-08-17 22:12,11.181818181818182
2025-08-17 22:13,18.027272727272727
2025-08-17 22:14,16.87272727272727
2025-08-17 22:15,33.1
2025-08-17 22:16,40.49090909090909
2025-08-17 22:17,37.20909090909091
2025-08-17 22:18,45.300000000000004
2025-08-17 22:19,51.324999999999996
2025-08-17 22:20,49.82727272727273
2025-08-17 22:21,49.62
2025-08-17 22:22,46.81818181818182
2025-08-17 22:23,48.07272727272727
2025-08-17 22:24,54.74545454545455
2025-08-17 22:25,54.99090909090909
2025-08-17 22:26,63.59090909090909
2025-08-17 22:27,54.666666666666664
2025-08-17 22:28,67.42
2025-08-17 22:29,76.27272727272727
2025-08-17 22:30,83.27272727272727
2025-08-17 22:31,91.49090909090908
2025-08-17 22:32,98.03636363636365
2025-08-17 22:33,105.19090909090909
2025-08-17 22:34,116.81818181818181
2025-08-17 22:35,115.35454545454546
2025-08-17 22:36,123.80909090909091
2025-08-17 22:37,118.93636363636364
2025-08-17 22:38,104.91818181818181
2025-08-17 22:39,110.21818181818183
2025-08-17 22:40,107.45454545454545
2025-08-17 22:41,108.42727272727274
2025-08-17 22:42,116.1
2025-08-17 22:43,113.95454545454545
2025-08-17 22:44,96.21818181818183
2025-08-17 22:45,95.075
2025-08-17 22:46,97.2090909090909
2025-08-17 22:47,93.52727272727272
2025-08-17 22:48,96.75454545454545
2025-08-17 22:49,90.8
2025-08-17 22:50,84.81818181818181
2025-08-17 22:51,88.64545454545454
2025-08-17 22:52,103.97999999999999
2025-08-17 22:53,106.78333333333335
2025-08-17 22:54,107.63636363636364
2025-08-17 22:55,103.41818181818181
2025-08-17 22:56,118.60909090909091
2025-08-17 22:57,122.83636363636364
2025-08-17 22:58,125.92727272727274
2025-08-17 22:59,130.02727272727273
2025-08-17 23:00,120.3
2025-08-17 23:01,121.84545454545454
2025-08-17 23:02,124.69000000000001
2025-08-17 23:03,132.95454545454547
2025-08-17 23:04,129.9090909090909
2025-08-17 23:05,130.34545454545454
2025-08-17 23:06,128.73636363636365
2025-08-17 23:07,113.81818181818181
2025-08-17 23:08,120.4
2025-08-17 23:09,120.04545454545455
2025-08-17 23:10,126.9909090909091
2025-08-17 23:11,129.35454545454547
2025-08-17 23:12,130.72727272727272
2025-08-17 23:13,128.79090909090908
2025-08-17 23:14,124.15
2025-08-17 23:15,126.42727272727274
2025-08-17 23:16,132.93636363636364
2025-08-17 23:17,132.64545454545453
2025-08-17 23:18,144.78181818181818
2025-08-17 23:19,155.17272727272726
2025-08-17 23:20,150.36363636363637
2025-08-17 23:21,150.61818181818182
2025-08-17 23:22,150.0909090909091
2025-08-17 23:23,143.8090909090909
2025-08-17 23:24,149.86363636363637
2025-08-17 23:25,146.60999999999999
2025-08-17 23:26,146.64545454545453
2025-08-17 23:27,144.8090909090909
2025-08-17 23:28,142.87272727272727
2025-08-17 23:29,154.55454545454543
2025-08-17 23:30,164.56363636363636
2025-08-17 23:31,166.28181818181818
2025-08-17 23:32,159.74545454545455
2025-08-17 23:33,155.46363636363637
2025-08-17 23:34,163.16363636363636
2025-08-17 23:35,170.15
2025-08-17 23:36,174.0090909090909
2025-08-17 23:37,164.26
2025-08-17 23:38,162.33636363636361
2025-08-17 23:39,165.74545454545455
2025-08-17 23:40,171.38181818181818
2025-08-17 23:41,160.10909090909092
2025-08-17 23:42,156.0090909090909
2025-08-17 23:43,164.0
2025-08-17 23:44,172.32500000000002
2025-08-17 23:45,168.63
2025-08-17 23:46,160.8181818181818
2025-08-17 23:47,159.95454545454547
2025-08-17 23:48,157.6727272727273
2025-08-17 23:49,153.06
2025-08-17 23:50,154.81
2025-08-17 23:51,165.75454545454545
2025-08-17 23:52,171.8272727272727
2025-08-17 23:53,162.5818181818182
2025-08-17 23:54,157.72
2025-08-17 23:55,154.17272727272726
2025-08-17 23:56,159.37272727272727
2025-08-17 23:57,162.10909090909092
2025-08-17 23:58,170.55454545454543
2025-08-17 23:59,172.9181818181818
2025-08-18 00:00,173.24545454545455
2025-08-18 00:01,174.6
2025-08-18 00:02,158.2
2025-08-18 00:03,148.55
2025-08-18 00:04,148.6
2025-08-18 00:05,141.04545454545453
2025-08-18 00:06,146.1727272727273
2025-08-18 00:07,146.00909090909093
2025-08-18 00:08,157.93333333333334
2025-08-18 00:09,156.74545454545455
2025-08-18 00:10,161.92727272727274
2025-08-18 00:11,176.62727272727273
2025-08-18 00:12,190.55454545454543
2025-08-18 00:13,199.95
2025-08-18 00:14,209.6727272727273
2025-08-18 00:15,206.63636363636363
2025-08-18 00:16,202.15833333333333
2025-08-18 00:17,199.74545454545452
2025-08-18 00:18,195.83636363636361
2025-08-18 00:19,192.25454545454548
2025-08-18 00:20,190.37272727272727
2025-08-18 00:21,196.73636363636362
2025-08-18 00:22,196.0909090909091
2025-08-18 00:23,193.64000000000001
2025-08-18 00:24,188.5727272727273
2025-08-18 00:25,177.52727272727273
2025-08-18 00:26,178.67499999999998
2025-08-18 00:27,170.8181818181818
2025-08-18 00:28,169.44444444444446
2025-08-18 02:10,160.1
2025-08-18 04:43,158.1
2025-08-18 05:23,154.7
2025-08-18 06:09,158.8
2025-08-18 07:00,157.2
2025-08-18 08:45,157.1
2025-08-18 11:20,165.00909090909093
2025-08-18 11:21,167.62727272727273
2025-08-18 11:22,161.37272727272727
2025-08-18 11:23,175.17272727272726
2025-08-18 11:24,188.0090909090909
2025-08-18 11:25,184.63333333333333
2025-08-18 11:26,183.47272727272727
2025-08-18 11:27,183.15454545454546
2025-08-18 11:28,185.1818181818182
2025-08-18 11:29,180.74
2025-08-18 11:30,181.03636363636363
2025-08-18 11:31,179.4181818181818
2025-08-18 11:32,178.55454545454543
2025-08-18 11:33,181.70909090909092
2025-08-18 11:34,182.0909090909091
2025-08-18 11:35,196.47272727272727
2025-08-18 11:36,200.06363636363633
2025-08-18 11:37,201.3090909090909
2025-08-18 11:38,206.26363636363638
2025-08-18 11:39,205.9909090909091
2025-08-18 11:40,201.35999999999999
2025-08-18 11:41,203.96363636363637
2025-08-18 11:42,203.3909090909091
2025-08-18 11:43,188.3
2025-08-18 11:44,171.3272727272727
2025-08-18 11:45,159.76363636363638
2025-08-18 11:46,163.9909090909091
2025-08-18 11:47,159.89090909090908
2025-08-18 11:48,166.1
2025-08-18 11:49,178.3181818181818
2025-08-18 11:50,184.95999999999998
2025-08-18 11:51,194.0181818181818
2025-08-18 11:52,193.8909090909091
2025-08-18 11:53,193.02727272727273
2025-08-18 11:54,189.9090909090909
2025-08-18 11:55,190.62727272727273
2025-08-18 11:56,195.55454545454543
2025-08-18 11:57,201.8272727272727
2025-08-18 11:58,205.23636363636362
2025-08-18 11:59,205.76363636363638
2025-08-18 12:00,195.9818181818182
2025-08-18 12:01,190.35454545454547
2025-08-18 12:02,197.1090909090909
2025-08-18 12:03,202.85454545454547
2025-08-18 12:04,202.95454545454547
2025-08-18 12:05,195.74545454545452
2025-08-18 12:06,197.5181818181818
2025-08-18 12:07,197.24545454545452
2025-08-18 12:08,192.5727272727273
2025-08-18 12:09,179.74545454545455
2025-08-18 12:10,177.25454545454545
2025-08-18 12:11,176.98181818181817
2025-08-18 12:12,175.06363636363636
2025-08-18 12:13,159.0818181818182
2025-08-18 12:14,162.63
2025-08-18 12:15,173.9333333333333
2025-08-18 12:16,168.8181818181818
2025-08-18 12:17,168.70909090909092
2025-08-18 12:18,169.26363636363638
2025-08-18 12:19,164.10909090909092
2025-08-18 12:20,154.22727272727272
2025-08-18 12:21,148.9
2025-08-18 12:22,158.14545454545453
2025-08-18 12:23,151.29090909090908
2025-08-18 12:24,138.6727272727273
2025-08-18 12:25,130.46363636363637
2025-08-18 12:26,124.73636363636363
2025-08-18 12:27,134.1818181818182
2025-08-18 12:28,140.25454545454545
2025-08-18 12:29,135.4909090909091
2025-08-18 12:30,128.75833333333333
2025-08-18 12:31,128.05
2025-08-18 12:32,120.14545454545454
2025-08-18 12:33,116.02727272727272
2025-08-18 12:34,109.51818181818182
2025-08-18 12:35,89.36363636363636
2025-08-18 12:36,65.79090909090908
2025-08-18 12:37,61.49090909090909
2025-08-18 12:38,37.41818181818182
2025-08-18 12:39,35.190909090909095
2025-08-18 12:40,48.26363636363636
2025-08-18 12:41,64.77272727272727
2025-08-18 12:42,73.5909090909091
2025-08-18 12:43,83.36363636363636
2025-08-18 12:44,73.2
2025-08-18 12:45,74.94545454545454
2025-08-18 12:46,79.22727272727273
2025-08-18 12:47,82.86363636363636
2025-08-18 12:48,77.18181818181819
2025-08-18 12:49,73.80909090909091
2025-08-18 12:50,77.95454545454545
2025-08-18 12:51,78.02727272727272
2025-08-18 12:52,67.2909090909091
2025-08-18 12:53,78.38181818181819
2025-08-18 12:54,84.05454545454546
2025-08-18 12:55,85.05454545454546
2025-08-18 12:56,69.51818181818182
2025-08-18 12:57,68.56363636363636
2025-08-18 12:58,59.23636363636364
2025-08-18 12:59,61.2
2025-08-18 13:00,65.42727272727274
2025-08-18 13:01,52.14545454545455
2025-08-18 13:02,43.2
2025-08-18 13:03,28.775000000000002
2025-08-18 13:04,38.190909090909095
2025-08-18 13:05,39.40909090909091
2025-08-18 13:06,23.10909090909091
2025-08-18 13:07,17.081818181818182
2025-08-18 13:08,6.363636363636363
2025-08-18 13:09,0.8909090909090908
2025-08-18 13:10,13.609090909090908
2025-08-18 13:11,14.227272727272727
2025-08-18 13:12,4.6
2025-08-18 13:13,11.80909090909091
2025-08-18 13:14,15.236363636363636
2025-08-18 13:15,15.041666666666666
2025-08-18 13:16,25.55454545454546
2025-08-18 13:17,42.76363636363636
2025-08-18 13:18,42.163636363636364
2025-08-18 13:19,49.92727272727273
2025-08-18 13:20,45.21818181818182
2025-08-18 13:21,55.45454545454545
2025-08-18 13:22,63.65
2025-08-18 13:23,75.02727272727272
2025-08-18 13:24,80.99090909090908
2025-08-18 13:25,79.01666666666667
2025-08-18 13:26,79.06363636363636
2025-08-18 13:27,81.01818181818182
2025-08-18 13:28,75.39090909090909
2025-08-18 13:29,78.81818181818181
2025-08-18 13:30,83.99090909090908
2025-08-18 13:31,91.60000000000001
2025-08-18 13:32,81.46000000000001
2025-08-18 13:33,81.82727272727273
2025-08-18 13:34,78.58181818181818
2025-08-18 13:35,71.08181818181818
2025-08-18 13:36,78.80909090909091
2025-08-18 13:37,80.96363636363637
2025-08-18 13:38,85.32727272727273
2025-08-18 13:39,90.12727272727273
2025-08-18 13:40,88.47272727272728
2025-08-18 13:41,93.65454545454546
2025-08-18 13:42,88.13636363636364
2025-08-18 13:43,88.34
2025-08-18 13:44,80.5
2025-08-18 13:45,87.39090909090909
2025-08-18 13:46,94.71818181818183
2025-08-18 13:47,106.2909090909091
2025-08-18 13:48,113.42727272727274
2025-08-18 13:49,116.57272727272726
2025-08-18 13:50,119.51818181818182
2025-08-18 13:51,124.08181818181819
2025-08-18 13:52,128.38181818181818
2025-08-18 13:53,126.54545454545455
2025-08-18 13:54,106.92
2025-08-18 13:55,105.25454545454545
2025-08-18 13:56,100.48181818181818
2025-08-18 13:57,86.24545454545455
2025-08-18 13:58,76.075
2025-08-18 13:59,69.95454545454545
2025-08-18 14:00,55.290909090909096
2025-08-18 14:01,48.27272727272727
2025-08-18 14:02,52.17272727272727
2025-08-18 14:03,63.17272727272727
2025-08-18 14:04,61.27
2025-08-18 14:05,43.45454545454545
2025-08-18 14:06,43.663636363636364
2025-08-18 14:07,46.6090909090909
2025-08-18 14:08,45.88181818181818
2025-08-18 14:09,47.90833333333333
2025-08-18 14:10,53.21818181818182
2025-08-18 14:11,60.127272727272725
2025-08-18 14:12,55.89090909090908
2025-08-18 14:13,58.58181818181818
2025-08-18 14:14,67.59
2025-08-18 14:15,67.30909090909091
2025-08-18 14:16,62.73636363636364
2025-08-18 14:17,59.38181818181818
2025-08-18 14:18,71.2090909090909
2025-08-18 14:19,68.73333333333333
2025-08-18 14:20,65.61818181818181
2025-08-18 14:21,69.89999999999999
2025-08-18 14:22,76.94545454545454
2025-08-18 14:23,82.44545454545454
2025-08-18 14:24,83.0
2025-08-18 14:25,76.51818181818182
2025-08-18 14:26,86.80909090909091
2025-08-18 14:27,91.3
2025-08-18 14:28,100.36666666666667
2025-08-18 14:29,86.63636363636364
2025-08-18 14:30,95.52727272727272
2025-08-18 14:31,89.05454545454546
2025-08-18 14:32,74.07272727272726
2025-08-18 14:33,66.66363636363636
2025-08-18 14:34,66.47999999999999
2025-08-18 14:35,61.654545454545456
2025-08-18 14:36,77.21818181818182
2025-08-18 14:37,77.75
2025-08-18 14:38,80.36363636363636
2025-08-18 14:39,75.73636363636363
2025-08-18 14:40,61.5
2025-08-18 14:41,62.39090909090908
2025-08-18 14:42,65.21818181818182
2025-08-18 14:43,66.62727272727273
2025-08-18 14:44,76.12
2025-08-18 14:45,77.06363636363636
2025-08-18 14:46,81.44166666666666
2025-08-18 14:47,88.81818181818181
2025-08-18 14:48,88.0909090909091
2025-08-18 14:49,82.91818181818182
2025-08-18 14:50,82.16363636363636
2025-08-18 14:51,82.81818181818181
2025-08-18 14:52,82.07272727272726
2025-08-18 14:53,77.87272727272727
2025-08-18 14:54,73.66
2025-08-18 14:55,71.64166666666667
2025-08-18 14:56,69.58181818181818
2025-08-18 14:57,70.7
2025-08-18 14:58,85.14545454545454
2025-08-18 14:59,83.10000000000001
2025-08-18 15:00,79.87272727272727
2025-08-18 15:01,87.7
2025-08-18 15:02,69.26363636363637
2025-08-18 15:03,53.49090909090909
2025-08-18 15:04,53.654545454545456
2025-08-18 15:05,51.26363636363636
2025-08-18 15:06,41.81818181818182
2025-08-18 15:07,27.94545454545454
2025-08-18 15:08,26.50909090909091
2025-08-18 15:09,32.61818181818182
2025-08-18 15:10,31.745454545454546
2025-08-18 15:11,36.18181818181818
2025-08-18 15:12,31.61818181818182
2025-08-18 15:13,20.918181818181818
2025-08-18 15:14,13.009090909090908
2025-08-18 15:15,7.7727272727272725
2025-08-18 15:16,1.6727272727272726
2025-08-18 15:17,2.936363636363636
2025-08-18 15:18,5.5636363636363635
2025-08-18 15:19,4.7272727272727275
2025-08-18 15:20,6.636363636363637
2025-08-18 15:21,7.8
2025-08-18 15:22,22.0
2025-08-18 15:23,23.830000000000002
2025-08-18 15:24,22.436363636363637
2025-08-18 15:25,18.345454545454547
2025-08-18 15:26,3.4272727272727277
2025-08-18 15:27,21.59090909090909
2025-08-18 15:28,34.800000000000004
2025-08-18 15:29,22.445454545454545
2025-08-18 15:30,17.481818181818184
2025-08-18 15:31,7.283333333333334
2025-08-18 15:32,17.354545454545455
2025-08-18 15:33,13.2
2025-08-18 15:34,22.181818181818183
2025-08-18 15:35,24.50909090909091
2025-08-18 15:36,20.59090909090909
2025-08-18 15:37,29.50909090909091
2025-08-18 15:38,19.918181818181818
2025-08-18 15:39,13.154545454545454
2025-08-18 15:40,10.641666666666667
2025-08-18 15:41,11.854545454545455
2025-08-18 15:42,6.681818181818182
2025-08-18 15:43,11.57
2025-08-18 15:44,25.318181818181817
2025-08-18 15:45,34.5
2025-08-18 15:46,36.63636363636363
2025-08-18 15:47,31.372727272727275
2025-08-18 15:48,26.354545454545452
2025-08-18 15:49,24.858333333333334
2025-08-18 15:50,23.654545454545453
2025-08-18 15:51,8.554545454545455
2025-08-18 15:52,1.5272727272727273
2025-08-18 15:53,2.2
2025-08-18 15:54,0.8545454545454546
2025-08-18 15:55,8.454545454545455
2025-08-18 15:56,8.245454545454546
2025-08-18 15:57,2.9545454545454546
2025-08-18 15:58,5.883333333333333
2025-08-18 15:59,12.200000000000001
2025-08-18 16:00,4.381818181818182
2025-08-18 16:01,9.718181818181819
2025-08-18 16:02,18.845454545454547
2025-08-18 16:03,20.05
2025-08-18 16:04,15.418181818181818
2025-08-18 16:05,15.681818181818182
2025-08-18 16:06,16.39090909090909
2025-08-18 16:07,5.566666666666666
2025-08-18 16:08,12.063636363636363
2025-08-18 16:09,12.918181818181818
2025-08-18 16:10,7.972727272727273
2025-08-18 16:11,11.0
2025-08-18 16:12,16.945454545454545
2025-08-18 16:13,12.86
2025-08-18 16:14,2.8363636363636364
2025-08-18 16:15,1.8
2025-08-18 16:16,2.5727272727272728
2025-08-18 16:17,1.0
2025-08-18 16:18,2.0727272727272728
2025-08-18 16:19,1.9090909090909092
2025-08-18 16:20,7.881818181818182
2025-08-18 16:21,17.572727272727274
2025-08-18 16:22,26.55454545454546
2025-08-18 16:23,24.22
2025-08-18 16:24,23.21666666666667
2025-08-18 16:25,30.954545454545453
2025-08-18 16:26,42.60909090909091
2025-08-18 16:27,30.61818181818182
2025-08-18 16:28,13.918181818181818
2025-08-18 16:29,1.6272727272727272
2025-08-18 16:30,1.4636363636363638
2025-08-18 16:31,1.0090909090909093
2025-08-18 16:32,1.6818181818181819
2025-08-18 16:33,3.8636363636363638
2025-08-18 16:34,8.363636363636363
2025-08-18 16:35,1.4727272727272727
2025-08-18 16:36,2.3000000000000003
2025-08-18 16:37,2.372727272727273
2025-08-18 16:38,3.5818181818181816
2025-08-18 16:39,7.0181818181818185
2025-08-18 16:40,12.263636363636364
2025-08-18 16:41,20.436363636363637
2025-08-18 16:42,29.954545454545453
2025-08-18 16:43,33.336363636363636
2025-08-18 16:44,38.190909090909095
2025-08-18 16:45,37.809090909090905
2025-08-18 16:46,48.1
2025-08-18 16:47,48.96363636363637
2025-08-18 16:48,48.945454545454545
2025-08-18 16:49,38.872727272727275
2025-08-18 16:50,28.263636363636362
2025-08-18 16:51,28.345454545454547
2025-08-18 16:52,26.818181818181817
2025-08-18 16:53,35.58181818181818
2025-08-18 16:54,38.68181818181818
2025-08-18 16:55,29.072727272727274
2025-08-18 16:56,29.94545454545454
2025-08-18 16:57,23.09090909090909
2025-08-18 16:58,18.154545454545453
2025-08-18 16:59,10.200000000000001
2025-08-18 17:00,13.663636363636364
2025-08-18 17:01,15.65
2025-08-18 17:02,20.86
2025-08-18 17:03,15.336363636363636
2025-08-18 17:04,29.29090909090909
2025-08-18 17:05,47.627272727272725
2025-08-18 17:06,52.972727272727276
2025-08-18 17:07,66.10000000000001
2025-08-18 17:08,73.94545454545454
2025-08-18 17:09,76.45454545454545
2025-08-18 17:10,72.625
2025-08-18 17:11,74.92727272727274
2025-08-18 17:12,72.89
2025-08-18 17:13,64.2090909090909
2025-08-18 17:14,69.7
2025-08-18 17:15,66.0909090909091
2025-08-18 17:16,71.44545454545454
2025-08-18 17:17,72.10000000000001
2025-08-18 17:18,75.22727272727273
2025-08-18 17:19,80.65
2025-08-18 17:20,95.74545454545455
2025-08-18 17:21,103.0909090909091
2025-08-18 17:22,107.92
2025-08-18 17:23,101.72727272727273
2025-08-18 17:24,105.2090909090909
2025-08-18 17:25,102.87272727272726
2025-08-18 17:26,102.43636363636364
2025-08-18 17:27,103.05454545454545
2025-08-18 17:28,94.37272727272726
2025-08-18 17:29,98.85454545454546
2025-08-18 17:30,112.14545454545454
2025-08-18 17:31,96.98181818181818
2025-08-18 17:32,96.80909090909091
2025-08-18 17:33,94.16363636363636
2025-08-18 17:34,86.33636363636364
2025-08-18 17:35,82.7
2025-08-18 17:36,89.2909090909091
2025-08-18 17:37,97.5
2025-08-18 17:38,111.22727272727273
2025-08-18 17:39,105.41818181818181
2025-08-18 17:40,108.13636363636364
2025-08-18 17:41,106.35833333333333
2025-08-18 17:42,97.77000000000001
2025-08-18 17:43,96.26363636363637
2025-08-18 17:44,90.27272727272727
2025-08-18 17:45,74.0909090909091
2025-08-18 17:46,78.44545454545454
2025-08-18 17:47,66.88181818181818
2025-08-18 17:48,64.81818181818181
2025-08-18 17:49,72.05454545454546
2025-08-18 17:50,76.95
2025-08-18 17:51,71.44545454545454
2025-08-18 17:52,75.77000000000001
2025-08-18 17:53,73.72727272727273
2025-08-18 17:54,67.27272727272727
2025-08-18 17:55,59.25454545454545
2025-08-18 17:56,58.67272727272727
2025-08-18 17:57,50.472727272727276
2025-08-18 17:58,55.972727272727276
2025-08-18 17:59,43.82727272727273
2025-08-18 18:00,37.10909090909091
2025-08-18 18:01,35.36666666666667
2025-08-18 18:02,31.119999999999997
2025-08-18 18:03,40.02727272727273
2025-08-18 18:04,28.90909090909091
2025-08-18 18:05,25.372727272727275
2025-08-18 18:06,15.890909090909092
2025-08-18 18:07,7.1909090909090905
2025-08-18 18:08,3.9818181818181815
2025-08-18 18:09,2.9181818181818184
2025-08-18 18:10,6.545454545454546
2025-08-18 18:11,6.818181818181818
2025-08-18 18:12,7.49090909090909
2025-08-18 18:13,14.781818181818181
2025-08-18 18:14,19.40909090909091
2025-08-18 18:15,21.845454545454544
2025-08-18 18:16,30.927272727272726
2025-08-18 18:17,19.836363636363636
2025-08-18 18:18,19.87272727272727
2025-08-18 18:19,33.40909090909091
2025-08-18 18:20,12.645454545454545
2025-08-18 18:21,1.6090909090909091
2025-08-18 18:22,3.1727272727272724
2025-08-18 18:23,2.3727272727272726
2025-08-18 18:24,1.3181818181818181
2025-08-18 18:25,6.5
2025-08-18 18:26,3.727272727272727
2025-08-18 18:27,6.945454545454546
2025-08-18 18:28,0.8
2025-08-18 18:29,9.509090909090908
2025-08-18 18:30,10.954545454545455
2025-08-18 18:31,15.30909090909091
2025-08-18 18:32,10.545454545454545
2025-08-18 18:33,10.827272727272726
2025-08-18 18:34,21.71818181818182
2025-08-18 18:35,28.690909090909088
2025-08-18 18:36,16.754545454545454
2025-08-18 21:55,6.0
2025-08-18 22:10,4.2
2025-08-19 02:10,3.1
2025-08-19 05:12,6.1
2025-08-19 06:12,1.8
2025-08-19 09:15,0.0
2025-08-19 11:25,2.411111111111111
2025-08-19 11:26,6.318181818181818
2025-08-19 11:27,5.4
2025-08-19 11:28,4.99
2025-08-19 11:29,3.2857142857142856
2025-08-19 11:30,0.19999999999999998
2025-08-19 11:31,1.15
2025-08-19 11:32,5.116666666666666
2025-08-19 11:33,12.78
2025-08-19 11:34,18.633333333333333
2025-08-19 11:35,34.4375
2025-08-19 11:36,39.45
2025-08-19 11:37,34.9125
2025-08-19 11:38,39.4
2025-08-19 11:39,39.516666666666666
2025-08-19 11:40,41.35
2025-08-19 11:41,35.1125
2025-08-19 11:42,44.2125
2025-08-19 11:43,55.01428571428572
2025-08-19 11:44,54.475
2025-08-19 11:45,64.34285714285714
2025-08-19 11:46,74.54444444444444
2025-08-19 11:47,77.95
2025-08-19 11:48,77.24000000000001
2025-08-19 11:49,81.14
2025-08-19 11:50,69.98888888888888
2025-08-19 11:51,57.8
2025-08-19 11:52,57.15
2025-08-19 11:53,56.77
2025-08-19 11:54,59.53333333333333
2025-08-19 11:55,66.7
2025-08-19 11:56,58.266666666666666
2025-08-19 11:57,44.2
2025-08-19 11:58,40.44
2025-08-19 11:59,48.81
2025-08-19 12:00,45.160000000000004
2025-08-19 12:01,52.379999999999995
2025-08-19 12:02,49.82
2025-08-19 12:03,44.94
2025-08-19 12:04,48.78
2025-08-19 12:05,35.9
2025-08-19 12:06,31.2
2025-08-19 12:07,33.0875
2025-08-19 12:08,36.8
2025-08-19 12:09,33.88
2025-08-19 12:10,37.03333333333334
2025-08-19 12:11,44.14
2025-08-19 12:12,45.857142857142854
2025-08-19 12:13,37.57142857142857
2025-08-19 12:14,35.128571428571426
2025-08-19 12:15,35.56666666666666
2025-08-19 12:16,43.53333333333333
2025-08-19 12:17,59.142857142857146
2025-08-19 12:18,50.800000000000004
2025-08-19 12:19,48.6875
2025-08-19 12:20,53.69
2025-08-19 12:21,60.3625
2025-08-19 12:22,55.666666666666664
2025-08-19 12:23,54.76666666666667
2025-08-19 12:24,58.14
2025-08-19 12:25,72.3
2025-08-19 12:26,86.0625
2025-08-19 12:27,86.75
2025-08-19 12:28,91.4875
2025-08-19 12:29,98.575
2025-08-19 12:30,98.0
2025-08-19 12:31,97.46666666666665
2025-08-19 12:32,92.85714285714286
2025-08-19 12:33,90.225
2025-08-19 12:34,80.06666666666666
2025-08-19 12:35,78.94
2025-08-19 12:36,71.31666666666666
2025-08-19 12:37,69.3
2025-08-19 12:38,72.04285714285714
2025-08-19 12:39,66.12
2025-08-19 12:40,76.32222222222222
2025-08-19 12:41,87.0
2025-08-19 12:42,85.39999999999999
2025-08-19 12:43,91.1
2025-08-19 12:44,87.47777777777777
2025-08-19 12:45,88.88571428571429
2025-08-19 12:46,89.21428571428571
2025-08-19 12:47,94.32857142857142
2025-08-19 12:48,98.14
2025-08-19 12:49,101.44444444444444
2025-08-19 12:50,101.41428571428571
2025-08-19 12:51,103.08333333333333
2025-08-19 12:52,109.3
2025-08-19 12:53,112.63
2025-08-19 12:54,110.2125
2025-08-19 12:55,118.28333333333335
2025-08-19 12:56,111.57142857142857
2025-08-19 12:57,120.25555555555555
2025-08-19 12:58,122.36666666666666
2025-08-19 12:59,126.60000000000001
2025-08-19 13:00,117.93333333333334
2025-08-19 13:01,121.6
2025-08-19 13:02,117.84
2025-08-19 13:03,121.15714285714286
2025-08-19 13:04,112.33333333333333
2025-08-19 13:05,113.14285714285714
2025-08-19 13:06,120.75
2025-08-19 13:07,118.41250000000001
2025-08-19 13:08,114.36666666666667
2025-08-19 13:09,112.24285714285715
2025-08-19 13:10,112.14444444444445
2025-08-19 13:11,105.13
2025-08-19 13:12,102.67142857142858
2025-08-19 13:13,102.04285714285713
2025-08-19 13:14,106.82857142857142
2025-08-19 13:15,101.28888888888889
2025-08-19 13:16,93.22
2025-08-19 13:17,80.775
2025-08-19 13:18,76.42857142857143
2025-08-19 13:19,82.8875
2025-08-19 13:20,76.3875
2025-08-19 13:21,68.63333333333334
2025-08-19 13:22,61.1
2025-08-19 13:23,64.64285714285714
2025-08-19 13:24,57.57142857142857
2025-08-19 13:25,58.642857142857146
2025-08-19 13:26,58.62222222222223
2025-08-19 13:27,49.7
2025-08-19 13:28,51.075
2025-08-19 13:29,55.84285714285714
2025-08-19 13:30,63.325
2025-08-19 13:31,55.02222222222222
2025-08-19 13:32,52.15
2025-08-19 13:33,50.56
2025-08-19 13:34,59.42222222222222
2025-08-19 13:35,70.2
2025-08-19 13:36,70.94285714285715
2025-08-19 13:37,72.57142857142857
2025-08-19 13:38,71.19999999999999
2025-08-19 13:39,65.46000000000001
2025-08-19 13:40,70.39999999999999
2025-08-19 13:41,68.09
2025-08-19 13:42,70.75454545454545
2025-08-19 13:43,69.46363636363637
2025-08-19 13:44,83.19090909090909
2025-08-19 13:45,85.56
2025-08-19 13:46,81.07272727272726
2025-08-19 13:47,69.63636363636364
2025-08-19 13:48,54.88181818181818
2025-08-19 13:49,41.36363636363637
2025-08-19 13:50,39.43636363636364
2025-08-19 13:51,38.04545454545455
2025-08-19 13:52,32.58181818181818
2025-08-19 13:53,35.86363636363637
2025-08-19 13:54,37.190909090909095
2025-08-19 13:55,39.27272727272727
2025-08-19 13:56,46.06
2025-08-19 13:57,51.08
2025-08-19 13:58,52.660000000000004
2025-08-19 13:59,47.16
2025-08-19 14:00,46.49090909090909
2025-08-19 14:01,51.40909090909091
2025-08-19 14:02,59.80833333333334
2025-08-19 14:03,64.73636363636363
2025-08-19 14:04,66.16363636363636
2025-08-19 14:05,62.36363636363637
2025-08-19 14:06,79.51818181818182
2025-08-19 14:07,76.7
2025-08-19 14:08,77.94545454545454
2025-08-19 14:09,86.56
2025-08-19 14:10,90.89999999999999
2025-08-19 14:11,77.66363636363636
2025-08-19 14:12,74.51818181818182
2025-08-19 14:13,65.43636363636364
2025-08-19 14:14,70.35555555555555
2025-08-19 14:15,75.875
2025-08-19 14:16,69.55555555555556
2025-08-19 14:17,69.08
2025-08-19 14:18,77.66666666666667
2025-08-19 14:19,78.8375
2025-08-19 14:20,68.0875
2025-08-19 14:21,54.809090909090905
2025-08-19 14:22,50.28
2025-08-19 14:23,52.309090909090905
2025-08-19 14:24,45.08888888888889
2025-08-19 14:25,41.663636363636364
2025-08-19 14:26,41.86363636363637
2025-08-19 14:27,38.0
2025-08-19 14:28,47.709090909090904
2025-08-19 14:29,44.03636363636363
2025-08-19 14:30,37.65
2025-08-19 14:31,42.97272727272727
2025-08-19 14:32,53.15
2025-08-19 14:33,68.86363636363636
2025-08-19 14:34,65.32727272727273
2025-08-19 14:35,52.290909090909096
2025-08-19 14:36,41.77272727272727
2025-08-19 14:37,44.190909090909095
2025-08-19 14:38,54.35454545454545
2025-08-19 14:39,49.11818181818182
2025-08-19 14:40,57.42999999999999
2025-08-19 14:41,57.190909090909095
2025-08-19 14:42,57.33636363636364
2025-08-19 14:43,52.154545454545456
2025-08-19 14:44,41.60909090909091
2025-08-19 14:45,40.96363636363636
2025-08-19 14:46,56.64545454545455
2025-08-19 14:47,73.47272727272728
2025-08-19 14:48,74.87142857142858
2025-08-19 14:49,75.57142857142857
2025-08-19 14:50,77.30909090909091
2025-08-19 14:51,90.71818181818182
2025-08-19 14:52,94.69090909090909
2025-08-19 14:53,92.60909090909091
2025-08-19 14:54,94.64545454545454
2025-08-19 14:55,95.74545454545455
2025-08-19 14:56,98.39090909090909
2025-08-19 14:57,93.06
2025-08-19 16:46,98.80000000000001
2025-08-20 10:35,93.225
2025-08-20 10:36,81.44
2025-08-20 10:37,67.89999999999999
2025-08-20 10:38,56.46
2025-08-20 10:39,46.89090909090908
2025-08-20 10:40,40.49090909090909
2025-08-20 10:41,42.64
2025-08-20 10:42,40.945454545454545
2025-08-20 10:43,35.53636363636363
2025-08-20 10:44,35.9
2025-08-20 10:45,23.045454545454547
2025-08-20 10:46,20.37272727272727
2025-08-20 10:47,22.054545454545455
2025-08-20 10:48,19.38181818181818
2025-08-20 10:49,7.754545454545454
2025-08-20 10:50,5.79
2025-08-20 10:51,2.3200000000000003
2025-08-20 10:52,5.0249999999999995
2025-08-20 10:53,12.572727272727274
2025-08-20 10:54,15.954545454545455
2025-08-20 10:55,4.445454545454545
2025-08-20 10:56,10.572727272727272
2025-08-20 10:57,22.163636363636364
2025-08-20 10:58,28.627272727272725
2025-08-20 10:59,25.69090909090909
2025-08-20 11:00,8.245454545454546
2025-08-20 11:01,0.65
2025-08-20 11:02,1.0636363636363635
2025-08-20 11:03,9.181818181818182
2025-08-20 11:04,19.2
2025-08-20 11:05,18.772727272727273
2025-08-20 11:06,25.00909090909091
2025-08-20 11:07,19.408333333333335
2025-08-20 11:08,34.010000000000005
2025-08-20 11:09,36.03333333333333
2025-08-20 11:10,33.82727272727273
2025-08-20 11:11,34.660000000000004
2025-08-20 11:12,24.354545454545452
2025-08-20 11:13,21.2
2025-08-20 11:15,89.9
2025-08-20 11:16,137.32999999999998
2025-08-20 11:17,115.21111111111112
2025-08-20 11:18,109.28181818181817
2025-08-20 11:19,103.2090909090909
2025-08-20 11:20,102.9090909090909
2025-08-20 11:21,111.92727272727274
2025-08-20 11:22,109.60909090909091
2025-08-20 11:23,102.7
2025-08-20 11:24,100.43333333333334
2025-08-21 09:19,118.26249999999999
2025-08-21 09:20,104.39000000000001
2025-08-21 09:21,88.97142857142856
2025-08-21 09:26,111.21
2025-08-21 09:27,112.49000000000001
2025-08-21 09:28,117.85999999999999
2025-08-21 09:29,128.27
2025-08-21 09:30,150.03
2025-08-21 09:31,163.35999999999999
2025-08-21 09:32,168.4090909090909
2025-08-21 09:33,170.25
2025-08-21 09:34,178.9909090909091
2025-08-21 09:35,177.20999999999998
2025-08-21 09:36,174.91
2025-08-21 09:37,174.77272727272728
2025-08-21 09:38,175.87
2025-08-21 09:39,180.74545454545455
2025-08-21 09:40,197.49
2025-08-21 09:41,194.27
2025-08-21 09:42,191.6727272727273
2025-08-21 09:43,191.37272727272727
2025-08-21 09:44,192.18571428571428
2025-08-21 12:43,197.1
2025-08-22 13:59,194.975
2025-08-22 14:00,189.85
2025-09-06 22:07,136.8
2025-09-06 22:22,99.9
2025-09-06 22:30,108.5
2025-09-06 22:37,133.3
2025-09-06 22:45,93.4
2025-09-06 22:52,134.3
2025-09-06 23:00,132.9
2025-09-06 23:07,94.7
2025-09-06 23:15,106.4
2025-09-06 23:22,122.9
2025-09-06 23:30,128.1
2025-09-06 23:37,99.5
2025-09-06 23:45,129.4
2025-09-06 23:52,133.2
2025-09-07 00:00,112.7
2025-09-07 00:07,115.2
2025-09-07 00:15,126.8
2025-09-07 00:22,125.1
2025-09-07 00:30,110.9
2025-09-07 00:37,136.9
2025-09-07 00:45,135.0
2025-09-07 00:52,136.1
2025-09-07 01:00,95.7
2025-09-07 01:07,106.8
2025-09-07 01:15,99.4
2025-09-07 01:22,111.8
2025-09-07 01:30,121.5
2025-09-07 01:37,95.9
2025-09-07 01:45,90.9
2025-09-07 01:52,100.9
2025-09-07 02:00,113.3
2025-09-07 02:07,106.4
2025-09-07 02:15,112.3
2025-09-07 02:22,117.1
2025-09-07 02:30,126.3
2025-09-07 02:37,117.7
2025-09-07 02:45,129.3
2025-09-07 02:52,133.9
2025-09-07 03:00,137.5
2025-09-07 03:07,132.8
2025-09-07 03:15,137.0
2025-09-07 03:22,113.0
2025-09-07 03:30,110.4
2025-09-07 03:37,107.9
2025-09-07 03:45,95.2
2025-09-07 03:52,105.0
2025-09-07 04:00,135.5
2025-09-07 04:07,116.5
2025-09-07 04:15,111.2
2025-09-07 04:22,119.8
2025-09-07 04:30,119.6
2025-09-07 04:37,119.9
2025-09-07 04:45,98.2
2025-09-07 04:52,122.2
2025-09-07 05:00,119.8
2025-09-07 05:07,121.7
2025-09-07 05:15,129.6
2025-09-07 05:22,108.0
2025-09-07 05:30,95.7
2025-09-07 05:37,103.7
2025-09-07 05:45,132.1
2025-09-07 05:52,91.5
2025-09-07 06:00,100.9
2025-09-07 06:07,102.4
2025-09-07 06:15,119.6
2025-09-07 06:22,100.9
2025-09-07 06:30,110.2
2025-09-07 06:37,138.0
2025-09-07 06:45,132.6
2025-09-07 06:52,128.8
2025-09-07 07:00,138.5
2025-09-07 07:07,111.9
2025-09-07 07:15,91.7
2025-09-07 07:22,113.9
2025-09-07 07:30,136.9
2025-09-07 07:37,93.6
2025-09-07 07:45,123.8
2025-09-07 07:52,137.3
2025-09-07 08:00,110.1
2025-09-07 08:07,122.9
2025-09-07 08:15,98.8
2025-09-07 08:22,137.6
2025-09-07 08:30,90.4
2025-09-07 08:37,93.1
2025-09-07 08:45,130.7
2025-09-07 08:52,112.2
2025-09-07 09:00,118.0
2025-09-07 09:07,124.9
2025-09-07 09:15,119.9
2025-09-07 09:22,136.8
2025-09-07 09:30,137.3
2025-09-07 09:37,117.3
2025-09-07 09:45,113.1
2025-09-07 09:52,129.7
2025-09-07 10:00,126.6
2025-09-07 10:07,100.6
2025-09-07 10:15,100.7
2025-09-07 10:22,118.8
2025-09-07 10:30,104.5
2025-09-07 10:37,97.5
2025-09-07 10:45,94.9
2025-09-07 10:52,103.4
2025-09-07 11:00,152.0
2025-09-07 11:07,127.8
2025-09-07 11:15,160.3
2025-09-07 11:22,150.7
2025-09-07 11:30,136.4
2025-09-07 11:37,131.2
2025-09-07 11:45,159.1
2025-09-07 11:52,142.8
2025-09-07 12:00,137.2
2025-09-07 12:07,161.9
2025-09-07 12:15,137.0
2025-09-07 12:22,137.3
2025-09-07 12:30,164.2
2025-09-07 12:37,143.1
2025-09-07 12:45,149.6
2025-09-07 12:52,157.2
2025-09-07 13:00,163.7
2025-09-07 13:07,146.2
2025-09-07 13:15,139.8
2025-09-07 13:22,140.9
2025-09-07 13:30,159.0
2025-09-07 13:37,145.0
2025-09-07 13:45,162.7
2025-09-07 13:52,160.5
2025-09-07 14:00,163.1
2025-09-07 14:07,141.9
2025-09-07 14:15,146.4
2025-09-07 14:22,120.1
2025-09-07 14:30,152.2
2025-09-07 14:37,124.4
2025-09-07 14:45,127.1
2025-09-07 14:52,153.0
2025-09-07 15:00,121.3
2025-09-07 15:07,142.9
2025-09-07 15:15,144.6
2025-09-07 15:22,123.4
2025-09-07 15:30,122.8
2025-09-07 15:37,156.2
2025-09-07 15:45,148.3
2025-09-07 15:52,123.9
2025-09-07 16:00,142.7
2025-09-07 16:07,155.0
2025-09-07 16:15,120.4
2025-09-07 16:22,141.8
2025-09-07 16:30,147.2
2025-09-07 16:37,161.4
2025-09-07 16:45,141.1
2025-09-07 16:52,147.3
2025-09-07 17:00,120.3
2025-09-07 17:07,136.4
2025-09-07 17:15,168.7
2025-09-07 17:22,134.6
2025-09-07 17:30,150.4
2025-09-07 17:37,123.7
2025-09-07 17:45,164.2
2025-09-07 17:52,125.2
2025-09-07 18:00,148.8
2025-09-07 18:07,142.2
2025-09-07 18:15,158.7
2025-09-07 18:22,149.0
2025-09-07 18:30,156.2
2025-09-07 18:37,154.5
2025-09-07 18:45,146.9
2025-09-07 18:52,162.0
2025-09-07 19:00,153.9
2025-09-07 19:07,166.7
2025-09-07 19:15,169.9
2025-09-07 19:22,150.5
2025-09-07 19:30,126.0
2025-09-07 19:37,142.2
2025-09-07 19:45,162.8
2025-09-07 19:52,125.2
2025-09-07 20:00,106.5
2025-09-07 20:07,101.0
2025-09-07 20:15,124.1
2025-09-07 20:22,119.1
2025-09-07 20:30,112.3
2025-09-07 20:37,123.6
2025-09-07 20:45,132.8
2025-09-07 20:52,107.5
2025-09-07 21:00,102.9
2025-09-07 21:07,117.3
2025-09-07 21:15,123.0
2025-09-07 21:22,129.2
2025-09-07 21:30,117.4
2025-09-07 21:37,136.7
2025-09-07 21:45,93.0
2025-09-07 21:52,116.8
2025-09-07 22:00,121.8
2025-09-07 22:07,115.1
2025-09-07 22:15,126.6
2025-09-07 22:22,107.8
2025-09-07 22:30,119.9
2025-09-07 22:37,120.0
2025-09-07 22:45,103.7
2025-09-07 22:52,139.2
2025-09-07 23:00,126.2
2025-09-07 23:07,105.6
2025-09-07 23:15,124.9
2025-09-07 23:22,97.1
2025-09-07 23:30,137.0
2025-09-07 23:37,121.1
2025-09-07 23:45,121.8
2025-09-07 23:52,130.3
2025-09-08 00:00,139.4
2025-09-08 00:07,136.0
2025-09-08 00:15,105.9
2025-09-08 00:22,139.8
2025-09-08 00:30,90.1
2025-09-08 00:37,114.3
2025-09-08 00:45,96.2
2025-09-08 00:52,96.4
2025-09-08 01:00,104.1
2025-09-08 01:07,118.9
2025-09-08 01:15,104.9
2025-09-08 01:22,97.0
2025-09-08 01:30,105.7
2025-09-08 01:37,90.5
2025-09-08 01:45,133.2
2025-09-08 01:52,120.3
2025-09-08 02:00,94.8
2025-09-08 02:07,114.8
2025-09-08 02:15,101.3
2025-09-08 02:22,132.0
2025-09-08 02:30,104.9
2025-09-08 02:37,114.2
2025-09-08 02:45,127.5
2025-09-08 02:52,128.2
2025-09-08 03:00,110.8
2025-09-08 03:07,92.0
2025-09-08 03:15,136.9
2025-09-08 03:22,93.6
2025-09-08 03:30,116.2
2025-09-08 03:37,118.6
2025-09-08 03:45,91.2
2025-09-08 03:52,93.7
2025-09-08 04:00,134.7
2025-09-08 04:07,111.6
2025-09-08 04:15,93.5
2025-09-08 04:22,107.3
2025-09-08 04:30,109.4
2025-09-08 04:37,121.0
2025-09-08 04:45,122.5
2025-09-08 04:52,92.9
2025-09-08 05:00,93.2
2025-09-08 05:07,113.8
2025-09-08 05:15,129.9
2025-09-08 05:22,113.3
2025-09-08 05:30,96.0
2025-09-08 05:37,101.3
2025-09-08 05:45,139.9
2025-09-08 05:52,127.3
2025-09-08 06:00,118.7
2025-09-08 06:07,104.4
2025-09-08 06:15,97.8
2025-09-08 06:22,129.7
2025-09-08 06:30,103.6
2025-09-08 06:37,133.0
2025-09-08 06:45,104.9
2025-09-08 06:52,122.8
2025-09-08 07:00,96.4
2025-09-08 07:07,133.6
2025-09-08 07:15,121.6
2025-09-08 07:22,104.5
2025-09-08 07:30,101.0
2025-09-08 07:37,93.0
2025-09-08 07:45,91.0
2025-09-08 07:52,97.5
2025-09-08 08:00,94.6
2025-09-08 08:07,136.9
2025-09-08 08:15,110.5
2025-09-08 08:22,114.4
2025-09-08 08:30,106.5
2025-09-08 08:37,127.0
2025-09-08 08:45,121.5
2025-09-08 08:52,136.3
2025-09-08 09:00,109.0
2025-09-08 09:07,98.7
2025-09-08 09:15,91.7
2025-09-08 09:22,97.7
2025-09-08 09:30,118.2
2025-09-08 09:37,130.1
2025-09-08 09:45,109.1
2025-09-08 09:52,130.2
2025-09-08 10:00,108.1
2025-09-08 10:07,126.7
2025-09-08 10:15,112.9
2025-09-08 10:22,108.2
2025-09-08 10:30,117.4
2025-09-08 10:37,122.2
2025-09-08 10:45,115.4
2025-09-08 10:52,108.0
2025-09-08 11:00,122.5
2025-09-08 11:07,130.7
2025-09-08 11:15,144.3
2025-09-08 11:22,139.2
2025-09-08 11:30,151.5
2025-09-08 11:37,133.0
2025-09-08 11:45,161.8
2025-09-08 11:52,155.1
2025-09-08 12:00,131.4
2025-09-08 12:07,142.5
2025-09-08 12:15,162.7
2025-09-08 12:22,160.4
2025-09-08 12:30,152.4
2025-09-08 12:37,162.5
2025-09-08 12:45,161.8
2025-09-08 12:52,121.3
2025-09-08 13:00,139.3
2025-09-08 13:07,124.1
2025-09-08 13:15,161.0
2025-09-08 13:22,127.9
2025-09-08 13:30,167.3
2025-09-08 13:37,156.7
2025-09-08 13:45,158.6
2025-09-08 13:52,144.1
2025-09-08 14:00,163.6
2025-09-08 14:07,154.6
2025-09-08 14:15,156.1
2025-09-08 14:22,153.0
2025-09-08 14:30,126.1
2025-09-08 14:37,146.3
2025-09-08 14:45,122.3
2025-09-08 14:52,149.8
2025-09-08 15:00,156.0
2025-09-08 15:07,120.3
2025-09-08 15:15,138.8
2025-09-08 15:22,160.6
2025-09-08 15:30,167.0
2025-09-08 15:37,146.2
2025-09-08 15:45,157.7
2025-09-08 15:52,121.9
2025-09-08 16:00,138.1
2025-09-08 16:07,161.1
2025-09-08 16:15,167.2
2025-09-08 16:22,135.5
2025-09-08 16:30,127.6
2025-09-08 16:37,159.7
2025-09-08 16:45,158.7
2025-09-08 16:52,128.5
2025-09-08 17:00,133.6
2025-09-08 17:07,151.5
2025-09-08 17:15,124.7
2025-09-08 17:22,135.2
2025-09-08 17:30,139.6
2025-09-08 17:37,122.9
2025-09-08 17:45,167.0
2025-09-08 17:52,162.2
2025-09-08 18:00,123.1
2025-09-08 18:07,159.5
2025-09-08 18:15,162.8
2025-09-08 18:22,164.8
2025-09-08 18:30,144.7
2025-09-08 18:37,156.6
2025-09-08 18:45,168.9
2025-09-08 18:52,139.7
2025-09-08 19:00,155.2
2025-09-08 19:07,145.3
2025-09-08 19:15,121.3
2025-09-08 19:22,150.3
2025-09-08 19:30,165.4
2025-09-08 19:37,136.3
2025-09-08 19:45,157.6
2025-09-08 19:52,160.5
2025-09-08 20:00,137.2
2025-09-08 20:07,118.8
2025-09-08 20:15,121.9
2025-09-08 20:22,124.2
2025-09-08 20:30,115.7
2025-09-08 20:37,115.8
2025-09-08 20:45,98.0
2025-09-08 20:52,121.7
2025-09-08 21:00,107.1
2025-09-08 21:07,113.1
2025-09-08 21:15,129.1
2025-09-08 21:22,134.0
2025-09-08 21:30,114.2
2025-09-08 21:37,133.3
2025-09-08 21:45,92.5
2025-09-08 21:52,105.1
2025-09-08 22:00,127.6
2025-09-08 22:07,114.8
2025-09-08 22:15,134.4
2025-09-08 22:22,118.5
2025-09-08 22:30,92.8
2025-09-08 22:37,116.3
2025-09-08 22:45,93.5
2025-09-08 22:52,133.9
2025-09-08 23:00,134.9
2025-09-08 23:07,121.3
2025-09-08 23:15,132.9
2025-09-08 23:22,121.3
2025-09-08 23:30,112.7
2025-09-08 23:37,119.7
2025-09-08 23:45,138.8
2025-09-08 23:52,105.5
2025-09-09 00:00,132.2
2025-09-09 00:07,99.2
2025-09-09 00:15,105.5
2025-09-09 00:22,121.5
2025-09-09 00:30,115.3
2025-09-09 00:37,121.1
2025-09-09 00:45,116.6
2025-09-09 00:52,116.7
2025-09-09 01:00,110.0
2025-09-09 01:07,97.1
2025-09-09 01:15,117.8
2025-09-09 01:22,113.0
2025-09-09 01:30,134.8
2025-09-09 01:37,99.6
2025-09-09 01:45,96.9
2025-09-09 01:52,128.0
2025-09-09 02:00,105.4
2025-09-09 02:07,97.0
2025-09-09 02:15,118.2
2025-09-09 02:22,122.5
2025-09-09 02:30,126.0
2025-09-09 02:37,92.7
2025-09-09 02:45,135.0
2025-09-09 02:52,124.0
2025-09-09 03:00,101.5
2025-09-09 03:07,139.5
2025-09-09 03:15,134.2
2025-09-09 03:22,114.0
2025-09-09 03:30,97.2
2025-09-09 03:37,110.0
2025-09-09 03:45,97.9
2025-09-09 03:52,100.7
2025-09-09 04:00,130.4
2025-09-09 04:07,131.9
2025-09-09 04:15,127.0
2025-09-09 04:22,99.0
2025-09-09 04:30,117.2
2025-09-09 04:37,102.6
2025-09-09 04:45,92.7
2025-09-09 04:52,114.1
2025-09-09 05:00,102.7
2025-09-09 05:07,128.2
2025-09-09 05:15,128.4
2025-09-09 05:22,114.7
2025-09-09 05:30,99.2
2025-09-09 05:37,91.6
2025-09-09 05:45,92.5
2025-09-09 05:52,126.4
2025-09-09 06:00,110.6
2025-09-09 06:07,133.3
2025-09-09 06:15,135.3
2025-09-09 06:22,132.2
2025-09-09 06:30,91.7
2025-09-09 06:37,90.3
2025-09-09 06:45,125.4
2025-09-09 06:52,130.4
2025-09-09 07:00,119.6
2025-09-09 07:07,95.0
2025-09-09 07:15,134.6
2025-09-09 07:22,128.7
2025-09-09 07:30,119.6
2025-09-09 07:37,134.4
2025-09-09 07:45,122.2
2025-09-09 07:52,106.7
2025-09-09 08:00,95.4
2025-09-09 08:07,112.0
2025-09-09 08:15,121.0
2025-09-09 08:22,119.0
2025-09-09 08:30,99.7
2025-09-09 08:37,119.7
2025-09-09 08:45,95.1
2025-09-09 08:52,96.9
2025-09-09 09:00,108.5
2025-09-09 09:07,137.8
2025-09-09 09:15,103.2
2025-09-09 09:22,136.0
2025-09-09 09:30,114.4
2025-09-09 09:37,125.7
2025-09-09 09:45,102.9
2025-09-09 09:52,95.4
2025-09-09 10:00,124.9
2025-09-09 10:07,124.0
2025-09-09 10:15,99.8
2025-09-09 10:22,121.6
2025-09-09 10:30,102.3
2025-09-09 10:37,119.4
2025-09-09 10:45,95.0
2025-09-09 10:52,105.7
2025-09-09 11:00,162.8
2025-09-09 11:07,164.4
2025-09-09 11:15,140.3
2025-09-09 11:22,145.9
2025-09-09 11:30,130.0
2025-09-09 11:37,151.1
2025-09-09 11:45,149.9
2025-09-09 11:52,169.2
2025-09-09 12:00,130.3
2025-09-09 12:07,149.2
2025-09-09 12:15,138.8
2025-09-09 12:22,140.1
2025-09-09 12:30,127.5
2025-09-09 12:37,167.1
2025-09-09 12:45,121.6
2025-09-09 12:52,156.0
2025-09-09 13:00,120.9
2025-09-09 13:07,132.2
2025-09-09 13:15,163.1
2025-09-09 13:22,134.2
2025-09-09 13:30,161.7
2025-09-09 13:37,133.1
2025-09-09 13:45,136.6
2025-09-09 13:52,148.1
2025-09-09 14:00,156.4
2025-09-09 14:07,143.9
2025-09-09 14:15,166.1
2025-09-09 14:22,147.8
2025-09-09 14:30,148.1
2025-09-09 14:37,125.3
2025-09-09 14:45,129.7
2025-09-09 14:52,152.5
2025-09-09 15:00,147.8
2025-09-09 15:07,125.0
2025-09-09 15:15,156.5
2025-09-09 15:22,153.6
2025-09-09 15:30,132.4
2025-09-09 15:37,166.4
2025-09-09 15:45,162.8
2025-09-09 15:52,167.6
2025-09-09 16:00,142.2
2025-09-09 16:07,122.3
2025-09-09 16:15,152.5
2025-09-09 16:22,121.5
2025-09-09 16:30,122.4
2025-09-09 16:37,146.4
2025-09-09 16:45,123.0
2025-09-09 16:52,152.8
2025-09-09 17:00,129.6
2025-09-09 17:07,126.3
2025-09-09 17:15,149.1
2025-09-09 17:22,163.1
2025-09-09 17:30,122.2
2025-09-09 17:37,140.8
2025-09-09 17:45,121.4
2025-09-09 17:52,162.7
2025-09-09 18:00,168.8
2025-09-09 18:07,133.1
2025-09-09 18:15,156.3
2025-09-09 18:22,132.9
2025-09-09 18:30,141.8
2025-09-09 18:37,157.6
2025-09-09 18:45,124.6
2025-09-09 18:52,122.9
2025-09-09 19:00,145.9
2025-09-09 19:07,149.7
2025-09-09 19:15,143.3
2025-09-09 19:22,140.7
2025-09-09 19:30,156.5
2025-09-09 19:37,128.7
2025-09-09 19:45,158.0
2025-09-09 19:52,130.3
2025-09-09 20:00,123.2
2025-09-09 20:07,97.7
2025-09-09 20:15,108.8
2025-09-09 20:22,139.8
2025-09-09 20:30,104.4
2025-09-09 20:37,136.3
2025-09-09 20:45,131.5
2025-09-09 20:52,109.6
2025-09-09 21:00,135.8
2025-09-09 21:07,138.8
2025-09-09 21:15,106.9
2025-09-09 21:22,107.6
2025-09-09 21:30,127.8
2025-09-09 21:37,130.4
2025-09-09 21:45,98.1
2025-09-09 21:52,90.4
2025-09-09 22:00,114.5
2025-09-09 22:07,121.0
2025-09-09 22:15,120.1
2025-09-09 22:22,120.5
2025-09-09 22:30,109.2
2025-09-09 22:37,113.1
2025-09-09 22:45,97.5
2025-09-09 22:52,113.4
2025-09-09 23:00,131.4
2025-09-09 23:07,138.6
2025-09-09 23:15,107.7
2025-09-09 23:22,121.5
2025-09-09 23:30,120.6
2025-09-09 23:37,101.6
2025-09-09 23:45,94.6
2025-09-09 23:52,135.8
2025-09-10 00:00,139.2
2025-09-10 00:07,114.9
2025-09-10 00:15,131.9
2025-09-10 00:22,117.8
2025-09-10 00:30,98.6
2025-09-10 00:37,120.9
2025-09-10 00:45,94.6
2025-09-10 00:52,102.8
2025-09-10 01:00,96.5
2025-09-10 01:07,124.5
2025-09-10 01:15,110.3
2025-09-10 01:22,104.1
2025-09-10 01:30,131.9
2025-09-10 01:37,95.9
2025-09-10 01:45,105.7
2025-09-10 01:52,93.0
2025-09-10 02:00,129.6
2025-09-10 02:07,125.8
2025-09-10 02:15,134.5
2025-09-10 02:22,120.7
2025-09-10 02:30,110.9
2025-09-10 02:37,134.3
2025-09-10 02:45,110.9
2025-09-10 02:52,119.8
2025-09-10 03:00,99.0
2025-09-10 03:07,100.3
2025-09-10 03:15,128.5
2025-09-10 03:22,113.9
2025-09-10 03:30,125.8
2025-09-10 03:37,108.1
2025-09-10 03:45,123.5
2025-09-10 03:52,106.1
2025-09-10 04:00,111.2
2025-09-10 04:07,119.8
2025-09-10 04:15,131.8
2025-09-10 04:22,137.0
2025-09-10 04:30,110.5
2025-09-10 04:37,130.2
2025-09-10 04:45,125.4
2025-09-10 04:52,114.1
2025-09-10 05:00,132.6
2025-09-10 05:07,118.4
2025-09-10 05:15,138.5
2025-09-10 05:22,130.7
2025-09-10 05:30,128.2
2025-09-10 05:37,117.9
2025-09-10 05:45,118.6
2025-09-10 05:52,129.1
2025-09-10 06:00,129.0
2025-09-10 06:07,134.8
2025-09-10 06:15,118.5
2025-09-10 06:22,91.0
2025-09-10 06:30,96.0
2025-09-10 06:37,137.8
2025-09-10 06:45,96.4
2025-09-10 06:52,114.0
2025-09-10 07:00,123.9
2025-09-10 07:07,131.3
2025-09-10 07:15,126.2
2025-09-10 07:22,110.0
2025-09-10 07:30,95.0
2025-09-10 07:37,109.3
2025-09-10 07:45,119.0
2025-09-10 07:52,112.6
2025-09-10 08:00,114.7
2025-09-10 08:07,111.6
2025-09-10 08:15,107.9
2025-09-10 08:22,96.2
2025-09-10 08:30,123.7
2025-09-10 08:37,108.6
2025-09-10 08:45,103.5
2025-09-10 08:52,100.3
2025-09-10 09:00,132.9
2025-09-10 09:07,124.2
2025-09-10 09:15,106.8
2025-09-10 09:22,108.3
2025-09-10 09:30,136.0
2025-09-10 09:37,126.7
2025-09-10 09:45,104.1
2025-09-10 09:52,109.8
2025-09-10 10:00,137.2
2025-09-10 10:07,119.9
2025-09-10 10:15,112.5
2025-09-10 10:22,126.6
2025-09-10 10:30,129.4
2025-09-10 10:37,92.9
2025-09-10 10:45,111.5
2025-09-10 10:52,96.5
2025-09-10 11:00,131.6
2025-09-10 11:07,147.4
2025-09-10 11:15,150.7
2025-09-10 11:22,143.6
2025-09-10 11:30,131.2
2025-09-10 11:37,131.9
2025-09-10 11:45,136.4
2025-09-10 11:52,163.9
2025-09-10 12:00,133.3
2025-09-10 12:07,164.1
2025-09-10 12:15,167.8
2025-09-10 12:22,120.2
2025-09-10 12:30,140.9
2025-09-10 12:37,135.4
2025-09-10 12:45,122.5
2025-09-10 12:52,148.7
2025-09-10 13:00,154.4
2025-09-10 13:07,152.5
2025-09-10 13:15,136.8
2025-09-10 13:22,142.3
2025-09-10 13:30,126.7
2025-09-10 13:37,139.2
2025-09-10 13:45,129.9
2025-09-10 13:52,151.6
2025-09-10 14:00,121.1
2025-09-10 14:07,131.5
2025-09-10 14:15,169.8
2025-09-10 14:22,142.4
2025-09-10 14:30,140.6
2025-09-10 14:37,138.5
2025-09-10 14:45,136.5
2025-09-10 14:52,150.8
2025-09-10 15:00,126.4
2025-09-10 15:07,131.7
2025-09-10 15:15,165.0
2025-09-10 15:22,147.0
2025-09-10 15:30,134.3
2025-09-10 15:37,163.5
2025-09-10 15:45,139.5
2025-09-10 15:52,153.4
2025-09-10 16:00,169.6
2025-09-10 16:07,136.3
2025-09-10 16:15,143.2
2025-09-10 16:22,161.6
2025-09-10 16:30,146.3
2025-09-10 16:37,167.8
2025-09-10 16:45,130.4
2025-09-10 16:52,127.9
2025-09-10 17:00,162.3
2025-09-10 17:07,131.5
2025-09-10 17:15,156.0
2025-09-10 17:22,168.0
2025-09-10 17:30,152.5
2025-09-10 17:37,127.6
2025-09-10 17:45,160.6
2025-09-10 17:52,120.9
2025-09-10 18:00,124.8
2025-09-10 18:07,150.1
2025-09-10 18:15,150.2
2025-09-10 18:22,158.6
2025-09-10 18:30,166.4
2025-09-10 18:37,164.7
2025-09-10 18:45,125.4
2025-09-10 18:52,166.7
2025-09-10 19:00,123.6
2025-09-10 19:07,126.5
2025-09-10 19:15,153.2
2025-09-10 19:22,139.1
2025-09-10 19:30,142.0
2025-09-10 19:37,123.6
2025-09-10 19:45,135.5
2025-09-10 19:52,149.9
2025-09-10 20:00,117.3
2025-09-10 20:07,110.5
2025-09-10 20:15,104.5
2025-09-10 20:22,99.3
2025-09-10 20:30,137.1
2025-09-10 20:37,115.7
2025-09-10 20:45,140.0
2025-09-10 20:52,139.5
2025-09-10 21:00,122.2
2025-09-10 21:07,112.6
2025-09-10 21:15,119.9
2025-09-10 21:22,96.7
2025-09-10 21:30,118.4
2025-09-10 21:37,136.9
2025-09-10 21:45,115.4
2025-09-10 21:52,120.5
2025-09-10 22:00,100.3
2025-09-10 22:07,137.0
2025-09-10 22:15,97.7
2025-09-10 22:22,137.6
2025-09-10 22:30,108.1
2025-09-10 22:37,136.4
2025-09-10 22:45,113.9
2025-09-10 22:52,133.1
2025-09-10 23:00,119.9
2025-09-10 23:07,128.5
2025-09-10 23:15,117.4
2025-09-10 23:22,115.4
2025-09-10 23:30,121.0
2025-09-10 23:37,104.6
2025-09-10 23:45,137.0
2025-09-10 23:52,103.9
2025-09-11 00:00,129.7
2025-09-11 00:07,124.3
2025-09-11 00:15,132.8
2025-09-11 00:22,136.9
2025-09-11 00:30,131.4
2025-09-11 00:37,105.6
2025-09-11 00:45,124.6
2025-09-11 00:52,112.4
2025-09-11 01:00,99.9
2025-09-11 01:07,98.7
2025-09-11 01:15,127.3
2025-09-11 01:22,100.5
2025-09-11 01:30,123.9
2025-09-11 01:37,102.4
2025-09-11 01:45,100.1
2025-09-11 01:52,135.7
2025-09-11 02:00,135.2
2025-09-11 02:07,134.0
2025-09-11 02:15,134.2
2025-09-11 02:22,105.2
2025-09-11 02:30,128.4
2025-09-11 02:37,133.5
2025-09-11 02:45,136.2
2025-09-11 02:52,136.1
2025-09-11 03:00,107.2
2025-09-11 03:07,138.2
2025-09-11 03:15,119.4
2025-09-11 03:22,99.7
2025-09-11 03:30,105.4
2025-09-11 03:37,128.9
2025-09-11 03:45,101.0
2025-09-11 03:52,129.2
2025-09-11 04:00,121.8
2025-09-11 04:07,92.7
2025-09-11 04:15,134.9
2025-09-11 04:22,115.8
2025-09-11 04:30,111.9
2025-09-11 04:37,108.1
2025-09-11 04:45,114.8
2025-09-11 04:52,127.5
2025-09-11 05:00,106.5
2025-09-11 05:07,90.7
2025-09-11 05:15,115.1
2025-09-11 05:22,115.4
2025-09-11 05:30,119.2
2025-09-11 05:37,120.6
2025-09-11 05:45,90.9
2025-09-11 05:52,120.9
2025-09-11 06:00,96.4
2025-09-11 06:07,120.3
2025-09-11 06:15,92.1
2025-09-11 06:22,96.6
2025-09-11 06:30,95.6
2025-09-11 06:37,122.2
2025-09-11 06:45,124.3
2025-09-11 06:52,126.0
2025-09-11 07:00,97.4
2025-09-11 07:07,118.6
2025-09-11 07:15,91.4
2025-09-11 07:22,128.2
2025-09-11 07:30,111.5
2025-09-11 07:37,103.6
2025-09-11 07:45,113.0
2025-09-11 07:52,122.8
2025-09-11 08:00,122.8
2025-09-11 08:07,105.0
2025-09-11 08:15,92.4
2025-09-11 08:22,101.4
2025-09-11 08:30,114.2
2025-09-11 08:37,120.9
2025-09-11 08:45,139.1
2025-09-11 08:49,107.60000000000001
2025-09-11 08:50,102.75555555555555
2025-09-11 08:52,113.8
2025-09-11 09:00,119.0
2025-09-11 09:07,105.1
2025-09-11 09:08,109.4125
2025-09-11 09:09,111.62727272727274
2025-09-11 09:10,118.60909090909091
2025-09-11 09:11,123.82727272727271
2025-09-11 09:12,115.04545454545455
2025-09-11 09:13,111.89090909090909
2025-09-11 09:14,106.7909090909091
2025-09-11 09:15,101.83333333333333
2025-09-11 09:16,108.41818181818181
2025-09-11 09:17,111.05454545454545
2025-09-11 09:18,105.78181818181817
2025-09-11 09:19,104.65454545454546
2025-09-11 09:20,105.75454545454545
2025-09-11 09:21,98.84
2025-09-11 09:22,111.63333333333333
2025-09-11 09:23,110.4
2025-09-11 09:24,92.85454545454546
2025-09-11 09:25,80.23636363636363
2025-09-11 09:26,67.8
2025-09-11 09:27,63.372727272727275
2025-09-11 09:28,63.98333333333333
2025-09-11 09:29,64.54545454545455
2025-09-11 09:30,75.10000000000001
2025-09-11 09:31,70.65
2025-09-11 09:32,76.87272727272727
2025-09-11 09:33,82.42727272727274
2025-09-11 09:34,75.69090909090909
2025-09-11 09:35,73.43636363636364
2025-09-11 09:36,89.70909090909092
2025-09-11 09:37,109.68333333333334
2025-09-11 09:38,105.34545454545454
2025-09-11 09:39,101.91818181818181
2025-09-11 09:40,87.95454545454545
2025-09-11 09:41,82.86363636363636
2025-09-11 09:42,72.34
2025-09-11 09:43,83.04545454545455
2025-09-11 09:44,94.76363636363637
2025-09-11 09:45,103.825
2025-09-11 09:46,86.63333333333333
2025-09-11 09:47,89.18181818181819
2025-09-11 09:48,82.45454545454545
2025-09-11 09:49,75.27272727272727
2025-09-11 09:50,72.19090909090909
2025-09-11 09:51,67.50909090909092
2025-09-11 09:52,66.52727272727272
2025-09-11 09:53,59.154545454545456
2025-09-11 09:54,53.04545454545455
2025-09-11 09:55,50.04545454545455
2025-09-11 09:56,60.53636363636363
2025-09-11 09:57,60.74545454545455
2025-09-11 09:58,53.81818181818182
2025-09-11 09:59,53.57272727272727
2025-09-11 10:00,52.574999999999996
2025-09-11 10:01,36.918181818181814
2025-09-11 10:02,29.927272727272726
2025-09-11 10:03,11.036363636363637
2025-09-11 10:04,6.9363636363636365
2025-09-11 10:05,12.581818181818182
2025-09-11 10:06,14.181818181818182
2025-09-11 10:07,27.55
2025-09-11 10:08,15.52727272727273
2025-09-11 10:09,3.4272727272727277
2025-09-11 10:10,13.090909090909092
2025-09-11 10:11,18.61818181818182
2025-09-11 10:12,21.354545454545455
2025-09-11 10:13,28.53
2025-09-11 10:14,31.766666666666666
2025-09-11 10:15,47.44166666666666
2025-09-11 10:16,57.63636363636363
2025-09-11 10:17,59.04545454545455
2025-09-11 10:18,65.7090909090909
2025-09-11 10:19,64.4090909090909
2025-09-11 10:20,56.57272727272727
2025-09-11 10:21,60.472727272727276
2025-09-11 10:22,64.49166666666666
2025-09-11 10:23,58.82000000000001
2025-09-11 10:24,56.472727272727276
2025-09-11 10:25,55.98181818181818
2025-09-11 10:26,65.14545454545454
2025-09-11 10:27,60.57272727272727
2025-09-11 10:28,55.83636363636364
2025-09-11 10:29,53.14545454545455
2025-09-11 10:30,67.45833333333333
2025-09-11 10:31,56.64545454545455
2025-09-11 10:32,62.48333333333333
2025-09-11 10:33,59.82000000000001
2025-09-11 10:34,69.61818181818181
2025-09-11 10:35,66.24545454545455
2025-09-11 10:36,69.41818181818182
2025-09-11 10:37,71.675
2025-09-11 10:38,64.87272727272727
2025-09-11 10:39,63.00909090909091
2025-09-11 10:40,51.35454545454545
2025-09-11 10:41,51.04545454545455
2025-09-11 10:42,40.54545454545455
2025-09-11 10:43,41.52727272727273
2025-09-11 10:44,30.889999999999997
2025-09-11 10:45,29.23076923076923
2025-09-11 10:46,20.01818181818182
2025-09-11 10:47,15.409090909090908
2025-09-11 10:48,4.7
2025-09-11 10:49,7.954545454545454
2025-09-11 10:50,11.536363636363637
2025-09-11 10:51,11.118181818181817
2025-09-11 10:52,22.666666666666668
2025-09-11 10:53,4.654545454545455
2025-09-11 10:54,20.490000000000002
2025-09-11 10:55,30.927272727272726
2025-09-11 10:56,28.50909090909091
2025-09-11 10:57,13.963636363636363
2025-09-11 10:58,17.40909090909091
2025-09-11 10:59,30.363636363636363
2025-09-11 11:00,37.18333333333334
2025-09-11 11:01,17.708333333333332
2025-09-11 11:02,31.44545454545454
2025-09-11 11:03,40.30909090909091
2025-09-11 11:04,49.339999999999996
2025-09-11 11:05,65.83636363636364
2025-09-11 11:06,62.08181818181818
2025-09-11 11:07,80.47500000000001
2025-09-11 11:08,71.60909090909091
2025-09-11 11:09,73.89999999999999
2025-09-11 11:10,87.72727272727273
2025-09-11 11:11,83.82727272727273
2025-09-11 11:12,84.66363636363636
2025-09-11 11:13,79.36363636363636
2025-09-11 11:14,71.92727272727274
2025-09-11 11:15,93.825
2025-09-11 11:16,101.73636363636363
2025-09-11 11:17,114.15454545454546
2025-09-11 11:18,113.54545454545455
2025-09-11 11:19,109.68181818181819
2025-09-11 11:20,114.93636363636364
2025-09-11 11:21,122.39090909090909
2025-09-11 11:22,124.41666666666667
2025-09-11 11:23,124.3
2025-09-11 11:24,139.03636363636363
2025-09-11 11:25,157.4
2025-09-11 11:26,147.98181818181817
2025-09-11 11:27,151.4909090909091
2025-09-11 11:28,155.0
2025-09-11 11:29,148.62727272727273
2025-09-11 11:30,149.83333333333334
2025-09-11 11:31,148.93636363636364
2025-09-11 11:32,145.20909090909092
2025-09-11 11:33,133.55833333333334
2025-09-11 11:34,129.9909090909091
2025-09-11 11:35,128.32
2025-09-11 11:36,115.5909090909091
2025-09-11 11:37,100.71666666666665
2025-09-11 11:38,100.81818181818181
2025-09-11 11:39,100.85454545454546
2025-09-11 11:40,98.9090909090909
2025-09-11 11:41,87.34545454545454
2025-09-11 11:42,95.83636363636364
2025-09-11 11:43,97.52727272727272
2025-09-11 11:44,83.84545454545454
2025-09-11 11:45,93.83333333333333
2025-09-11 11:46,78.47272727272728
2025-09-11 11:47,83.83636363636364
2025-09-11 11:48,96.26363636363637
2025-09-11 11:49,94.57272727272726
2025-09-11 11:50,92.52727272727272
2025-09-11 11:51,88.88181818181819
2025-09-11 11:52,96.49166666666667
2025-09-11 11:53,104.88181818181819
2025-09-11 11:54,114.64545454545454
2025-09-11 11:55,108.5909090909091
2025-09-11 11:56,107.8
2025-09-11 11:57,102.31818181818181
2025-09-11 11:58,99.5909090909091
2025-09-11 11:59,92.33636363636363
2025-09-11 12:00,109.69166666666666
2025-09-11 12:01,109.19090909090909
2025-09-11 12:02,103.51818181818182
2025-09-11 12:03,111.45833333333333
2025-09-11 12:04,111.69090909090909
2025-09-11 12:05,96.39090909090909
2025-09-11 12:06,66.8
2025-09-11 12:07,72.11666666666666
2025-09-11 12:08,70.2090909090909
2025-09-11 12:09,75.7090909090909
2025-09-11 12:10,82.7
2025-09-11 12:11,82.61818181818181
2025-09-11 12:12,78.23636363636363
2025-09-11 12:13,78.9090909090909
2025-09-11 12:14,71.91818181818182
2025-09-11 12:15,73.60833333333333
2025-09-11 12:16,68.18181818181819
2025-09-11 12:17,77.88181818181819
2025-09-11 12:18,55.32727272727273
2025-09-11 12:19,52.654545454545456
2025-09-11 12:20,65.46363636363637
2025-09-11 12:21,76.08181818181818
2025-09-11 12:22,90.94166666666666
2025-09-11 12:23,82.06363636363636
2025-09-11 12:24,75.74545454545455
2025-09-11 12:25,81.51818181818182
2025-09-11 12:26,80.27272727272727
2025-09-11 12:27,74.87
2025-09-11 12:28,68.0909090909091
2025-09-11 12:29,69.07272727272726
2025-09-11 12:30,76.43333333333334
2025-09-11 12:31,68.95454545454545
2025-09-11 12:32,71.25454545454545
2025-09-11 12:33,70.05833333333334
2025-09-11 12:34,72.0909090909091
2025-09-11 12:35,78.25454545454545
2025-09-11 12:36,83.92727272727274
2025-09-11 12:37,91.27272727272727
2025-09-11 12:38,107.85454545454546
2025-09-11 12:39,105.67272727272729
2025-09-11 12:40,116.48181818181818
2025-09-11 12:41,116.84545454545454
2025-09-11 12:42,114.8
2025-09-11 12:43,113.0
2025-09-11 12:44,105.35454545454546
2025-09-11 12:45,93.5
2025-09-11 12:46,83.60000000000001
2025-09-11 12:47,82.27272727272727
2025-09-11 12:48,80.86363636363636
2025-09-11 12:49,80.37272727272727
2025-09-11 12:50,84.36363636363636
2025-09-11 12:51,88.32727272727273
2025-09-11 12:52,99.18333333333334
2025-09-11 12:53,96.78181818181817
2025-09-11 12:54,105.0
2025-09-11 12:55,112.31818181818181
2025-09-11 12:56,113.28181818181817
2025-09-11 12:57,110.21818181818183
2025-09-11 12:58,107.64000000000001
2025-09-11 12:59,108.96666666666665
2025-09-11 13:00,107.35000000000001
2025-09-11 13:01,104.64545454545454
2025-09-11 13:02,104.56363636363636
2025-09-11 13:03,109.01818181818182
2025-09-11 13:07,130.96666666666667
2025-09-11 13:08,123.14545454545454
2025-09-11 13:09,106.75454545454545
2025-09-11 13:10,105.46
2025-09-11 13:11,117.21818181818183
2025-09-11 13:12,125.93636363636364
2025-09-11 13:13,143.6818181818182
2025-09-11 13:14,138.9090909090909
2025-09-11 13:15,142.10833333333332
2025-09-11 13:16,133.25454545454545
2025-09-11 13:17,135.9090909090909
2025-09-11 13:18,145.34545454545454
2025-09-11 13:19,147.83636363636364
2025-09-11 13:20,152.1727272727273
2025-09-11 13:21,146.28
2025-09-11 13:22,147.05454545454543
2025-09-11 13:23,155.43636363636364
2025-09-11 13:24,151.9090909090909
2025-09-11 13:25,160.52727272727273
2025-09-11 13:26,167.34545454545454
2025-09-11 13:27,168.88181818181818
2025-09-11 13:28,166.26363636363635
2025-09-11 13:29,149.95454545454547
2025-09-11 13:30,148.67499999999998
2025-09-11 13:31,153.11818181818182
2025-09-11 13:32,146.66363636363636
2025-09-11 13:33,137.85999999999999
2025-09-11 13:34,124.13636363636364
2025-09-11 13:35,119.43636363636364
2025-09-11 13:36,123.26363636363637
2025-09-11 13:37,123.675
2025-09-11 13:38,130.29999999999998
2025-09-11 13:39,132.20000000000002
2025-09-11 13:40,131.1909090909091
2025-09-11 13:41,143.42727272727274
2025-09-11 13:42,157.35454545454547
2025-09-11 13:43,165.85
2025-09-11 13:44,165.33636363636364
2025-09-11 13:45,161.85833333333332
2025-09-11 13:46,147.2
2025-09-11 13:47,141.05454545454543
2025-09-11 13:48,142.6909090909091
2025-09-11 13:49,138.86363636363637
2025-09-11 13:50,129.0909090909091
2025-09-11 13:51,110.01818181818182
2025-09-11 13:52,112.29166666666667
2025-09-11 13:53,129.10999999999999
2025-09-11 13:54,134.3090909090909
2025-09-11 13:55,119.74545454545455
2025-09-11 13:56,109.95
2025-09-11 13:57,112.0
2025-09-11 13:58,117.56363636363636
2025-09-11 13:59,115.31818181818181
2025-09-11 14:00,122.15833333333335
2025-09-11 14:01,126.13636363636364
2025-09-11 14:02,139.54545454545453
2025-09-11 14:03,135.5
2025-09-11 14:04,127.93636363636364
2025-09-11 14:05,113.94545454545455
2025-09-11 14:06,99.88181818181819
2025-09-11 14:07,106.35833333333333
2025-09-11 14:08,101.44
2025-09-11 14:09,103.94000000000001
2025-09-11 14:10,97.04545454545455
2025-09-11 14:11,92.73636363636363
2025-09-11 14:12,91.2090909090909
2025-09-11 14:13,96.14545454545454
2025-09-11 14:14,101.08181818181819
2025-09-11 14:15,120.59166666666665
2025-09-11 14:16,132.66363636363636
2025-09-11 14:17,135.37272727272727
2025-09-11 14:18,137.0
2025-09-11 14:19,134.20909090909092
2025-09-11 14:20,125.69090909090909
2025-09-11 14:21,131.70000000000002
2025-09-11 14:22,141.6909090909091
2025-09-11 14:23,153.23636363636362
2025-09-11 14:24,156.45
2025-09-11 14:25,155.5
2025-09-11 14:26,156.04545454545453
2025-09-11 14:27,151.3
2025-09-11 14:30,153.7
2025-09-11 14:37,135.6
2025-09-11 14:45,158.8
2025-09-11 14:50,152.8
2025-09-11 14:52,132.1
2025-09-11 15:00,156.3
2025-09-11 15:05,154.79999999999998
2025-09-11 15:06,153.6
2025-09-11 15:07,148.91666666666666
2025-09-11 15:08,146.02
2025-09-11 15:09,154.84545454545454
2025-09-11 15:10,154.0
2025-09-11 15:11,145.76363636363638
2025-09-11 15:12,154.5818181818182
2025-09-11 15:13,151.77
2025-09-11 15:14,153.45454545454547
2025-09-11 15:15,149.71666666666667
2025-09-11 15:16,143.38181818181818
2025-09-11 15:17,137.88
2025-09-11 15:18,143.57272727272726
2025-09-11 15:19,146.26
2025-09-11 15:20,153.45
2025-09-11 15:21,156.1909090909091
2025-09-11 15:22,153.35
2025-09-11 15:23,135.31
2025-09-11 15:24,139.04545454545453
2025-09-11 15:25,145.27272727272728
2025-09-11 15:26,138.57272727272726
2025-09-11 15:27,127.32000000000001
2025-09-11 15:28,125.04545454545455
2025-09-11 15:29,134.70000000000002
2025-09-11 15:30,147.57500000000002
2025-09-11 15:31,153.38181818181818
2025-09-11 15:32,158.13636363636363
2025-09-11 15:33,158.49
2025-09-11 15:34,158.87272727272727
2025-09-11 15:35,164.75454545454545
2025-09-11 15:36,163.9909090909091
2025-09-11 15:37,169.61666666666667
2025-09-11 15:38,164.73636363636362
2025-09-11 15:39,168.9181818181818
2025-09-11 15:40,179.05454545454543
2025-09-11 15:41,173.10909090909092
2025-09-11 15:42,168.46363636363637
2025-09-11 15:43,178.0
2025-09-11 15:44,167.43
2025-09-11 15:45,167.31666666666666
2025-09-11 15:46,158.45000000000002
2025-09-11 15:47,146.1909090909091
2025-09-11 15:48,149.57999999999998
2025-09-11 15:49,156.64545454545453
2025-09-11 15:50,159.63636363636363
2025-09-11 15:51,161.12727272727273
2025-09-11 15:52,152.0
2025-09-11 15:53,150.94166666666666
2025-09-11 15:54,157.77
2025-09-11 15:55,165.85454545454547
2025-09-11 15:56,164.20000000000002
2025-09-11 15:57,171.11818181818182
2025-09-11 15:58,169.9090909090909
2025-09-11 15:59,168.92727272727274
2025-09-11 16:00,172.15833333333333
2025-09-11 16:01,168.10909090909092
2025-09-11 16:02,159.45454545454547
2025-09-11 16:03,163.02727272727273
2025-09-11 16:04,154.70000000000002
2025-09-11 16:05,158.07999999999998
2025-09-11 16:06,157.26363636363638
2025-09-11 16:07,153.11666666666667
2025-09-11 16:08,159.76363636363638
2025-09-11 16:09,146.77272727272728
2025-09-11 16:10,136.43636363636364
2025-09-11 16:11,142.1
2025-09-11 16:12,130.825
2025-09-11 16:15,138.0
2025-09-11 16:22,157.2
2025-09-11 16:30,144.3
2025-09-11 16:37,163.0
2025-09-11 16:45,121.0
2025-09-11 16:52,166.2
2025-09-11 17:00,134.1
2025-09-11 17:07,131.8
2025-09-11 17:15,166.6
2025-09-11 17:22,123.8
2025-09-11 17:30,158.1
2025-09-11 17:37,132.8
2025-09-11 17:45,169.8
2025-09-11 17:52,152.0
2025-09-11 18:00,146.6
2025-09-11 18:07,137.4
2025-09-11 18:15,142.2
2025-09-11 18:22,123.5
2025-09-11 18:30,147.9
2025-09-11 18:37,137.5
2025-09-11 18:45,139.7
2025-09-11 18:52,169.1
2025-09-11 19:00,150.9
2025-09-11 19:07,154.9
2025-09-11 19:15,127.7
2025-09-11 19:22,157.3
2025-09-11 19:30,136.8
2025-09-11 19:37,165.8
2025-09-11 19:45,140.0
2025-09-11 19:52,165.2
2025-09-11 20:00,117.5
2025-09-11 20:07,99.6
2025-09-11 20:15,116.0
2025-09-11 20:22,106.9
2025-09-11 20:30,123.2
2025-09-11 20:37,94.4
2025-09-11 20:45,134.4
2025-09-11 20:52,114.3
2025-09-11 21:00,110.0
2025-09-11 21:07,114.7
2025-09-11 21:15,124.6
2025-09-11 21:22,108.2
2025-09-11 21:30,125.9
2025-09-11 21:37,123.5
2025-09-11 21:45,107.8
2025-09-11 21:52,134.8
2025-09-11 22:00,103.1
2025-09-11 22:07,103.8
2025-09-11 22:15,102.8
2025-09-11 22:22,98.9
2025-09-11 22:30,120.9
2025-09-11 22:37,124.9
2025-09-11 22:45,102.9
2025-09-11 22:52,118.4
2025-09-11 23:00,92.7
2025-09-11 23:07,100.9
2025-09-11 23:15,92.7
2025-09-11 23:22,98.4
2025-09-11 23:30,106.1
2025-09-11 23:37,120.7
2025-09-11 23:45,128.3
2025-09-11 23:52,94.6
2025-09-12 00:00,110.1
2025-09-12 00:07,95.7
2025-09-12 00:15,127.0
2025-09-12 00:22,118.7
2025-09-12 00:30,125.1
2025-09-12 00:37,111.1
2025-09-12 00:45,116.0
2025-09-12 00:52,103.1
2025-09-12 01:00,130.5
2025-09-12 01:07,112.6
2025-09-12 01:15,113.5
2025-09-12 01:22,94.3
2025-09-12 01:30,93.0
2025-09-12 01:37,123.4
2025-09-12 01:45,127.0
2025-09-12 01:52,124.2
2025-09-12 02:00,103.6
2025-09-12 02:07,93.6
2025-09-12 02:15,138.5
2025-09-12 02:22,92.7
2025-09-12 02:30,131.5
2025-09-12 02:37,110.6
2025-09-12 02:45,110.2
2025-09-12 02:52,125.2
2025-09-12 03:00,125.5
2025-09-12 03:07,90.8
2025-09-12 03:15,95.2
2025-09-12 03:22,119.8
2025-09-12 03:30,117.5
2025-09-12 03:37,103.7
2025-09-12 03:45,115.5
2025-09-12 03:52,124.7
2025-09-12 04:00,124.7
2025-09-12 04:07,99.7
2025-09-12 04:15,101.4
2025-09-12 04:22,139.1
2025-09-12 04:30,115.4
2025-09-12 04:37,136.8
2025-09-12 04:45,125.9
2025-09-12 04:52,105.3
2025-09-12 05:00,134.2
2025-09-12 05:07,94.3
2025-09-12 05:15,106.6
2025-09-12 05:22,128.4
2025-09-12 05:30,114.2
2025-09-12 05:37,136.7
2025-09-12 05:45,92.8
2025-09-12 05:52,102.3
2025-09-12 06:00,133.5
2025-09-12 06:07,119.6
2025-09-12 06:15,109.2
2025-09-12 06:22,93.5
2025-09-12 06:30,140.0
2025-09-12 06:37,106.9
2025-09-12 06:45,96.6
2025-09-12 06:52,136.6
2025-09-12 07:00,106.6
2025-09-12 07:07,137.5
2025-09-12 07:15,109.1
2025-09-12 07:22,135.3
2025-09-12 07:30,121.9
2025-09-12 07:37,128.6
2025-09-12 07:45,107.8
2025-09-12 07:52,126.7
2025-09-12 08:00,136.6
2025-09-12 08:07,111.1
2025-09-12 08:15,113.1
2025-09-12 08:22,133.9
2025-09-12 08:30,139.9
2025-09-12 08:37,113.9
2025-09-12 08:45,102.7
2025-09-12 08:52,117.8
2025-09-12 09:00,132.3
2025-09-12 09:07,104.5
2025-09-12 09:15,95.7
2025-09-12 09:22,135.6
2025-09-12 09:30,127.6
2025-09-12 09:37,99.2
2025-09-12 09:45,112.9
2025-09-12 09:52,137.0
2025-09-12 10:00,101.1
2025-09-12 10:07,136.7
2025-09-12 10:15,123.7
2025-09-12 10:22,116.4
2025-09-12 10:30,133.9
2025-09-12 10:37,119.0
2025-09-12 10:45,102.5
2025-09-12 10:52,96.0
2025-09-12 11:00,159.1
2025-09-12 11:07,124.4
2025-09-12 11:15,164.6
2025-09-12 11:22,151.7
2025-09-12 11:30,164.5
2025-09-12 11:37,131.8
2025-09-12 11:45,165.5
2025-09-12 11:52,147.7
2025-09-12 12:00,142.3
2025-09-12 12:07,152.0
2025-09-12 12:15,162.2
2025-09-12 12:22,135.7
2025-09-12 12:30,130.9
2025-09-12 12:37,152.1
2025-09-12 12:45,130.6
2025-09-12 12:52,162.2
2025-09-12 13:00,123.2
2025-09-12 13:07,159.9
2025-09-12 13:15,151.7
2025-09-12 13:22,132.9
2025-09-12 13:30,149.7
2025-09-12 13:37,123.0
2025-09-12 13:45,149.9
2025-09-12 13:52,129.5
2025-09-12 14:00,133.8
2025-09-12 14:07,126.9
2025-09-12 14:15,161.2
2025-09-12 14:22,136.5
2025-09-12 14:30,153.3
2025-09-12 14:37,164.4
2025-09-12 14:45,142.8
2025-09-12 14:52,123.7
2025-09-12 15:00,156.7
2025-09-12 15:07,137.6
2025-09-12 15:15,153.4
2025-09-12 15:22,135.9
2025-09-12 15:30,161.7
2025-09-12 15:37,136.7
2025-09-12 15:45,149.4
2025-09-12 15:52,168.9
2025-09-12 16:00,129.5
2025-09-12 16:07,162.0
2025-09-12 16:15,159.1
2025-09-12 16:22,153.5
2025-09-12 16:30,140.9
2025-09-12 16:37,140.8
2025-09-12 16:45,146.8
2025-09-12 16:52,151.6
2025-09-12 17:00,160.7
2025-09-12 17:07,158.5
2025-09-12 17:15,164.4
2025-09-12 17:22,126.3
2025-09-12 17:30,167.0
2025-09-12 17:37,148.1
2025-09-12 17:45,142.8
2025-09-12 17:52,167.4
2025-09-12 18:00,160.5
2025-09-12 18:07,129.1
2025-09-12 18:15,127.4
2025-09-12 18:22,154.0
2025-09-12 18:30,140.4
2025-09-12 18:37,135.7
2025-09-12 18:45,154.8
2025-09-12 18:52,151.5
2025-09-12 19:00,122.9
2025-09-12 19:07,136.4
2025-09-12 19:15,166.3
2025-09-12 19:22,166.1
2025-09-12 19:30,151.3
2025-09-12 19:37,126.0
2025-09-12 19:45,125.7
2025-09-12 19:52,160.6
2025-09-12 20:00,135.0
2025-09-12 20:07,134.6
2025-09-12 20:15,101.0
2025-09-12 20:17,102.08888888888889
2025-09-12 20:18,101.18181818181819
2025-09-12 20:19,96.42
2025-09-12 20:20,101.0
2025-09-12 20:22,98.6
2025-09-12 20:30,132.6
2025-09-12 20:37,100.9
2025-09-12 20:45,90.2
2025-09-12 20:52,93.4
2025-09-12 21:00,138.8
2025-09-12 21:07,110.4
2025-09-12 21:15,133.5
2025-09-12 21:22,111.3
2025-09-12 21:30,101.0
2025-09-12 21:37,132.4
2025-09-12 21:45,102.4
2025-09-12 21:52,100.2
2025-09-12 22:00,104.1
2025-09-12 22:07,101.8
2025-09-12 22:15,132.9
2025-09-12 22:22,121.2
2025-09-12 22:30,138.9
2025-09-12 22:37,135.9
2025-09-12 22:45,96.4
2025-09-12 22:52,127.5
2025-09-12 23:00,121.0
2025-09-12 23:07,102.7
2025-09-12 23:15,116.1
2025-09-12 23:22,129.0
2025-09-12 23:30,112.2
2025-09-12 23:37,126.7
2025-09-12 23:45,126.8
2025-09-12 23:52,92.1
2025-09-13 00:00,123.9
2025-09-13 00:07,117.1
2025-09-13 00:15,117.5
2025-09-13 00:22,95.3
2025-09-13 00:30,131.1
2025-09-13 00:37,107.4
2025-09-13 00:45,114.6
2025-09-13 00:52,123.8
2025-09-13 01:00,139.4
2025-09-13 01:07,92.8
2025-09-13 01:15,104.1
2025-09-13 01:22,98.8
2025-09-13 01:30,139.2
2025-09-13 01:37,130.3
2025-09-13 01:45,132.1
2025-09-13 01:52,90.8
2025-09-13 02:00,117.9
2025-09-13 02:07,118.4
2025-09-13 02:15,128.7
2025-09-13 02:22,122.9
2025-09-13 02:30,138.4
2025-09-13 02:37,95.7
2025-09-13 02:45,117.2
2025-09-13 02:52,111.5
2025-09-13 03:00,127.9
2025-09-13 03:07,113.9
2025-09-13 03:15,122.2
2025-09-13 03:22,98.7
2025-09-13 03:30,135.7
2025-09-13 03:37,131.3
2025-09-13 03:45,134.5
2025-09-13 03:52,124.4
2025-09-13 04:00,137.1
2025-09-13 04:07,104.7
2025-09-13 04:15,137.6
2025-09-13 04:22,108.4
2025-09-13 04:30,106.4
2025-09-13 04:37,129.6
2025-09-13 04:45,134.4
2025-09-13 04:52,126.3
2025-09-13 05:00,97.5
2025-09-13 05:07,95.4
2025-09-13 05:15,116.9
2025-09-13 05:22,117.1
2025-09-13 05:30,94.5
2025-09-13 05:37,115.3
2025-09-13 05:45,137.6
2025-09-13 05:52,131.4
2025-09-13 06:00,140.0
2025-09-13 06:07,120.1
2025-09-13 06:15,130.9
2025-09-13 06:22,95.0
2025-09-13 06:30,119.6
2025-09-13 06:37,119.4
2025-09-13 06:45,129.4
2025-09-13 06:52,135.5
2025-09-13 07:00,131.8
2025-09-13 07:07,138.3
2025-09-13 07:15,127.2
2025-09-13 07:22,136.8
2025-09-13 07:30,122.0
2025-09-13 07:37,92.7
2025-09-13 07:45,115.1
2025-09-13 07:52,94.7
2025-09-13 08:00,103.5
2025-09-13 08:07,139.0
2025-09-13 08:15,104.6
2025-09-13 08:22,123.7
2025-09-13 08:30,135.6
2025-09-13 08:37,97.3
2025-09-13 08:45,105.1
2025-09-13 08:52,120.7
2025-09-13 09:00,119.4
2025-09-13 09:07,119.1
2025-09-13 09:15,138.0
2025-09-13 09:22,105.9
2025-09-13 09:30,113.8
2025-09-13 09:37,100.0
2025-09-13 09:45,128.3
2025-09-13 09:52,124.7
2025-09-13 10:00,110.2
2025-09-13 10:07,130.5
2025-09-13 10:15,128.1
2025-09-13 10:22,134.1
2025-09-13 10:30,102.6
2025-09-13 10:37,116.1
2025-09-13 10:45,108.4
2025-09-13 10:52,93.2
2025-09-13 11:00,153.5
2025-09-13 11:07,162.4
2025-09-13 11:15,123.8
2025-09-13 11:22,135.9
2025-09-13 11:30,158.5
2025-09-13 11:37,167.4
2025-09-13 11:45,135.6
2025-09-13 11:52,131.0
2025-09-13 12:00,149.6
2025-09-13 12:07,131.5
2025-09-13 12:15,161.9
2025-09-13 12:22,134.5
2025-09-13 12:30,149.8
2025-09-13 12:37,150.9
2025-09-13 12:45,166.3
2025-09-13 12:52,149.7
2025-09-13 13:00,146.7
2025-09-13 13:07,161.9
2025-09-13 13:15,167.7
2025-09-13 13:22,149.3
2025-09-13 13:30,156.5
2025-09-13 13:37,167.4
2025-09-13 13:45,163.1
2025-09-13 13:52,140.1
2025-09-13 14:00,163.2
2025-09-13 14:07,125.1
2025-09-13 14:15,145.0
2025-09-13 14:22,167.3
2025-09-13 14:30,154.2
2025-09-13 14:37,141.3
2025-09-13 14:45,154.7
2025-09-13 14:52,129.4
2025-09-13 15:00,161.8
2025-09-13 15:07,154.2
2025-09-13 15:15,123.7
2025-09-13 15:22,142.4
2025-09-13 15:30,149.7
2025-09-13 15:37,149.3
2025-09-13 15:45,150.6
2025-09-13 15:52,134.1
2025-09-13 16:00,147.9
2025-09-13 16:07,158.5
2025-09-13 16:15,141.3
2025-09-13 16:22,148.8
2025-09-13 16:30,140.4
2025-09-13 16:37,153.6
2025-09-13 16:45,161.1
2025-09-13 16:52,163.7
2025-09-13 17:00,122.7
2025-09-13 17:07,130.6
2025-09-13 17:15,125.4
2025-09-13 17:22,143.4
2025-09-13 17:30,126.8
2025-09-13 17:37,127.0
2025-09-13 17:45,167.2
2025-09-13 17:52,155.1
2025-09-13 18:00,165.3
2025-09-13 18:07,152.9
2025-09-13 18:15,132.5
2025-09-13 18:22,138.0
2025-09-13 18:30,135.6
2025-09-13 18:37,122.9
2025-09-13 18:45,159.0
2025-09-13 18:52,151.2
2025-09-13 19:00,137.4
2025-09-13 19:07,130.8
2025-09-13 19:12,102.52727272727272
2025-09-13 19:13,85.67272727272727
2025-09-13 19:14,89.99
2025-09-13 19:15,88.98333333333333
2025-09-13 19:16,84.83636363636364
2025-09-13 19:17,80.78
2025-09-13 19:22,125.8
2025-09-13 19:30,154.9
2025-09-13 19:37,169.4
2025-09-13 19:45,140.4
2025-09-13 19:52,139.1
2025-09-13 20:00,97.4
2025-09-13 20:07,91.7
2025-09-13 20:15,138.6
2025-09-13 20:22,137.7
2025-09-13 20:30,101.7
2025-09-13 20:37,103.9
2025-09-13 20:45,135.0
2025-09-13 20:52,118.4
2025-09-13 21:00,95.9
2025-09-13 21:07,96.4
2025-09-13 21:15,112.3
2025-09-13 21:22,94.6
2025-09-13 21:30,105.9
2025-09-13 21:37,92.1
2025-09-13 21:45,99.6
2025-09-13 21:52,106.1
2025-09-13 22:00,129.4
2025-09-13 22:07,119.89999999999999
2025-09-13 22:08,124.48181818181818
2025-09-13 22:09,120.3
2025-09-13 22:10,131.36363636363637
2025-09-13 22:11,139.60833333333332
2025-09-13 22:12,138.16363636363636
2025-09-13 22:13,147.12727272727273
2025-09-13 22:14,164.49166666666665
2025-09-13 22:15,179.07500000000002
2025-09-13 22:16,194.5818181818182
2025-09-13 22:17,198.6833333333333
2025-09-13 22:18,201.0090909090909
2025-09-13 22:19,207.75454545454548
2025-09-13 22:20,212.17142857142858
2025-09-13 22:30,223.6222222222222
2025-09-13 22:31,223.5909090909091
2025-09-13 22:32,215.78333333333333
2025-09-13 22:33,211.54545454545453
2025-09-13 22:34,209.15
2025-09-13 22:35,201.5
2025-09-13 22:36,195.9416666666667
2025-09-13 22:37,194.9
2025-09-13 22:38,198.6727272727273
2025-09-13 22:39,204.6909090909091
2025-09-13 22:40,195.775
2025-09-13 22:41,191.1909090909091
2025-09-13 22:42,180.125
2025-09-13 22:43,179.95454545454547
2025-09-13 22:44,179.25833333333333
2025-09-13 22:45,175.6
2025-09-13 22:46,173.11666666666667
2025-09-13 22:47,172.71818181818182
2025-09-13 22:48,164.0818181818182
2025-09-13 22:49,155.24166666666667
2025-09-13 22:50,159.14545454545453
2025-09-13 22:51,160.9
2025-09-13 22:52,167.25454545454548
2025-09-13 22:53,175.29999999999998
2025-09-13 22:54,176.42727272727274
2025-09-13 22:55,166.88333333333333
2025-09-13 22:56,160.61818181818182
2025-09-13 22:57,152.65454545454546
2025-09-13 22:58,154.875
2025-09-13 22:59,150.92727272727274
2025-09-13 23:00,150.20909090909092
2025-09-13 23:01,140.26363636363638
2025-09-13 23:02,120.77499999999999
2025-09-13 23:03,121.67272727272729
2025-09-13 23:04,128.15384615384616
2025-09-13 23:05,125.42272727272729
2025-09-13 23:06,124.3913043478261
2025-09-13 23:07,122.44347826086955
2025-09-13 23:08,128.81363636363636
2025-09-13 23:09,131.12272727272727
2025-09-13 23:10,124.15833333333335
2025-09-13 23:11,125.4909090909091
2025-09-13 23:12,126.07272727272726
2025-09-13 23:13,117.47083333333335
2025-09-13 23:14,110.48181818181818
2025-09-13 23:15,109.83749999999999
2025-09-13 23:16,110.80000000000001
2025-09-13 23:17,108.76086956521739
2025-09-13 23:18,106.62727272727274
2025-09-13 23:19,105.375
2025-09-13 23:20,106.44545454545455
2025-09-13 23:21,111.95833333333333
2025-09-13 23:22,120.10909090909091
2025-09-13 23:23,123.59565217391304
2025-09-13 23:24,126.50454545454545
2025-09-13 23:25,129.8913043478261
2025-09-13 23:26,124.64782608695653
2025-09-13 23:27,116.47826086956522
2025-09-13 23:28,112.38636363636364
2025-09-13 23:29,117.62173913043479
2025-09-13 23:30,128.60434782608695
2025-09-13 23:31,124.0608695652174
2025-09-13 23:32,114.57272727272726
2025-09-13 23:33,111.05
2025-09-13 23:34,112.7695652173913
2025-09-13 23:35,108.70434782608694
2025-09-13 23:36,104.54347826086956
2025-09-13 23:37,96.13478260869564
2025-09-13 23:38,84.01363636363637
2025-09-13 23:39,74.88260869565217
2025-09-13 23:40,72.62173913043478
2025-09-13 23:41,67.69545454545454
2025-09-13 23:42,60.74166666666667
2025-09-13 23:43,56.22727272727273
2025-09-13 23:44,49.77391304347826
2025-09-13 23:45,40.926086956521736
2025-09-13 23:46,39.768181818181816
2025-09-13 23:47,30.472727272727273
2025-09-13 23:48,21.916666666666668
2025-09-13 23:49,18.786363636363635
2025-09-13 23:50,18.263636363636365
2025-09-13 23:51,14.354166666666666
2025-09-13 23:52,14.51818181818182
2025-09-13 23:53,24.09130434782609
2025-09-13 23:54,17.243478260869566
2025-09-13 23:55,5.468181818181818
2025-09-13 23:56,5.447826086956522
2025-09-13 23:57,7.71304347826087
2025-09-13 23:58,6.8
2025-09-13 23:59,5.886956521739131
2025-09-14 00:00,13.368181818181819
2025-09-14 00:01,21.62608695652174
2025-09-14 00:02,19.268181818181816
2025-09-14 00:03,23.56086956521739
2025-09-14 00:04,31.52608695652174
2025-09-14 00:05,31.263636363636362
2025-09-14 00:06,43.34090909090909
2025-09-14 00:07,63.56521739130435
2025-09-14 00:08,70.06363636363636
2025-09-14 00:09,59.00909090909091
2025-09-14 00:10,48.18260869565218
2025-09-14 00:11,47.31304347826087
2025-09-14 00:12,47.92727272727273
2025-09-14 00:13,46.637499999999996
2025-09-14 00:14,46.02272727272727
2025-09-14 00:15,51.31304347826087
2025-09-14 00:16,55.23636363636364
2025-09-14 00:17,57.78695652173913
2025-09-14 00:18,60.7695652173913
2025-09-14 00:19,55.040909090909096
2025-09-14 00:20,60.573913043478264
2025-09-14 00:21,53.84347826086957
2025-09-14 00:22,55.722727272727276
2025-09-14 00:23,59.94166666666667
2025-09-14 00:24,52.449999999999996
2025-09-14 00:25,43.17727272727273
2025-09-14 00:26,34.35454545454545
2025-09-14 00:27,32.47083333333333
2025-09-14 00:28,28.6
2025-09-14 00:29,30.179166666666664
2025-09-14 00:30,35.82272727272727
2025-09-14 00:31,34.91304347826087
2025-09-14 00:32,38.073913043478264
2025-09-14 00:33,33.48571428571429
2025-09-15 09:51,120.0
2025-09-15 19:26,120.0
2025-09-15 19:33,121.2
2025-09-15 19:34,120.0
2025-09-15 19:51,121.2
2025-09-25 12:38,106.35833333333333
2025-09-25 12:39,106.39090909090909
2025-09-25 12:40,94.23636363636363
2025-09-25 12:41,88.66153846153846
2025-09-25 12:42,79.0909090909091
2025-09-25 12:43,79.425
2025-09-25 12:44,82.95
2025-09-25 12:45,73.39090909090909
2025-09-25 12:46,69.39999999999999
2025-09-25 12:47,73.30909090909091
2025-09-25 12:48,75.89090909090909
2025-09-25 12:49,75.0
2025-09-25 12:50,74.175
2025-09-25 12:51,79.79285714285713
2025-09-25 12:52,75.70833333333333
2025-09-25 12:53,82.22631578947369
2025-09-25 12:54,90.20555555555556
2025-09-25 12:55,92.21111111111111
2025-09-25 12:56,84.65
2025-09-25 12:57,77.98947368421052
2025-09-25 12:58,89.16666666666667
2025-09-25 12:59,94.40666666666667
2025-09-25 13:00,76.88666666666667
2025-09-25 13:01,73.0875
2025-09-25 13:02,67.78
2025-09-25 13:03,79.06666666666666
2025-09-25 13:04,84.13333333333334
2025-09-25 13:05,87.59333333333333
2025-09-25 13:06,92.13125
2025-09-25 13:07,92.9923076923077
2025-09-25 13:08,95.63333333333333
2025-09-25 13:09,91.23846153846154
2025-09-25 13:10,101.97058823529412
2025-09-25 13:11,95.58125
2025-09-25 13:12,92.61666666666666
2025-09-25 13:13,96.48666666666666
2025-09-25 13:14,75.96842105263158
2025-09-25 13:15,67.1
2025-09-25 13:16,71.8
2025-09-25 13:17,80.53333333333333
2025-09-25 13:18,86.80588235294118
2025-09-25 13:19,84.5
2025-09-25 13:20,83.60000000000001
2025-09-25 13:21,80.04705882352941
2025-09-25 13:22,80.0
2025-09-25 13:23,75.89375
2025-09-25 13:24,89.40625
2025-09-25 13:25,95.15
2025-09-25 13:26,75.92941176470588
2025-09-25 13:27,81.30666666666666
2025-09-25 13:28,83.49444444444445
2025-09-25 13:29,86.15333333333334
2025-09-25 13:30,76.81666666666666
2025-09-25 13:31,74.56
2025-09-25 13:32,65.845
2025-09-25 13:33,52.45333333333333
2025-09-25 13:34,60.24444444444445
2025-09-25 13:35,67.28
2025-09-25 13:36,65.65882352941176
2025-09-25 13:37,59.6578947368421
2025-09-25 13:38,52.338095238095235
2025-09-25 13:39,42.38461538461539
2025-09-25 13:40,76.5409090909091
2025-09-25 13:41,78.09545454545454
2025-09-25 13:42,78.66666666666667
2025-09-25 13:43,82.9090909090909
2025-09-25 13:44,84.2695652173913
2025-09-25 13:45,102.63809523809525
2025-09-25 13:46,116.65454545454546
2025-09-25 13:47,116.05416666666667
2025-09-25 13:48,119.48636363636363
2025-09-25 13:49,118.2695652173913
2025-09-25 13:50,122.10000000000001
2025-09-25 13:51,122.80681818181819
2025-09-25 13:52,127.64193548387097
2025-09-25 13:53,131.48846153846154
2025-09-25 13:54,134.12121212121212
2025-09-25 13:55,124.975
2025-09-25 13:56,126.10232558139533
2025-09-25 13:57,127.8842105263158
2025-09-25 13:58,126.45853658536586
2025-09-25 13:59,129.68333333333334
2025-09-25 14:00,125.26176470588234
2025-09-25 14:01,117.68809523809523
2025-09-25 14:02,126.33636363636364
2025-09-25 14:03,122.43589743589743
2025-09-25 14:04,134.725
2025-09-25 14:05,139.325
2025-09-25 14:06,145.625
2025-09-25 14:07,149.23414634146343
2025-09-25 14:08,148.4056603773585
2025-09-25 14:09,147.1138888888889
2025-09-25 14:10,152.01052631578946
2025-09-25 14:11,150.80769230769232
2025-09-25 14:12,148.1
2025-09-25 14:13,148.88181818181818
2025-09-25 14:14,152.55227272727274
2025-09-25 14:15,157.57142857142858
2025-09-25 14:16,157.4025
2025-09-25 14:17,165.1904761904762
2025-09-25 14:18,164.25833333333333
2025-09-25 14:19,169.27222222222224
2025-09-25 14:20,172.63548387096773
2025-09-25 14:21,174.0666666666667
2025-09-25 14:22,177.92954545454543
2025-09-25 14:23,169.3086956521739
2025-09-25 14:24,165.5875
2025-09-25 14:25,163.02195121951218
2025-09-25 14:26,151.4375
2025-09-25 14:27,152.05588235294115
2025-09-25 14:28,148.98
2025-09-25 14:29,138.67714285714285
2025-09-25 14:30,138.12121212121212
2025-09-25 14:31,137.82857142857142
2025-09-25 14:32,141.33714285714285
2025-09-25 14:33,140.93958333333333
2025-09-25 14:34,135.646511627907
2025-09-25 14:35,131.85531914893616
2025-09-25 14:36,132.60399999999998
2025-09-25 14:37,133.3025641025641
2025-09-25 14:38,138.13235294117646
2025-09-25 14:39,134.76250000000002
2025-09-25 14:40,128.89722222222224
2025-09-25 14:41,133.82105263157894
2025-09-25 14:42,132.6315789473684
2025-09-25 14:43,136.93103448275863
2025-09-25 14:44,135.53809523809525
2025-09-25 14:45,136.79444444444445
2025-09-25 14:46,143.35454545454547
2025-09-25 14:47,140.535
2025-09-25 14:48,138.9734693877551
2025-09-25 14:49,141.95000000000002
2025-09-25 14:50,141.1315789473684
2025-09-25 14:51,137.775
2025-09-25 14:52,125.52857142857142
2025-09-25 14:53,118.64716981132077
2025-09-25 14:54,106.94571428571429
2025-09-25 14:55,105.26
2025-09-25 14:56,103.98780487804878
2025-09-25 14:57,110.21702127659574
2025-09-25 14:58,107.55454545454545
2025-09-25 14:59,104.2891304347826
2025-09-25 15:00,95.02173913043478
2025-09-25 15:01,93.85135135135135
2025-09-25 15:02,100.33500000000001
2025-09-25 15:03,100.90638297872341
2025-09-25 15:04,93.38857142857142
2025-09-25 15:05,82.74722222222222
2025-09-25 15:06,76.62
2025-09-25 15:07,69.5304347826087
2025-09-25 15:08,67.76923076923077
2025-09-25 15:09,68.41499999999999
2025-09-25 15:10,61.977142857142866
2025-09-25 15:11,65.16875
2025-09-25 15:12,57.38478260869565
2025-09-25 15:13,63.51818181818182
2025-09-25 15:14,67.93157894736842
2025-09-25 15:15,62.0452380952381
2025-09-25 15:16,71.08048780487805
2025-09-25 15:17,80.9111111111111
2025-09-25 15:18,84.64782608695651
2025-09-25 15:19,90.00227272727273
2025-09-25 15:20,83.91956521739131
2025-09-25 15:21,81.07499999999999
2025-09-25 15:22,76.68095238095238
2025-09-25 15:23,74.76052631578948
2025-09-25 15:24,72.42619047619048
2025-09-25 15:25,71.72432432432433
2025-09-25 15:26,74.91463414634147
2025-09-25 15:27,78.54912280701755
2025-09-25 15:28,90.26842105263158
2025-09-25 15:29,84.55
2025-09-25 15:30,85.85625
2025-09-25 15:31,81.43695652173913
2025-09-25 15:32,71.4390243902439
2025-09-25 15:33,66.0969696969697
2025-09-25 15:34,70.33181818181818
2025-09-25 15:35,64.20232558139534
2025-09-25 15:36,73.61025641025641
2025-09-25 15:37,69.61212121212122
2025-09-25 15:38,79.10731707317073
2025-09-25 15:39,79.81111111111112
2025-09-25 15:40,91.4342857142857
2025-09-25 15:41,81.29473684210525
2025-09-25 15:42,84.69250000000001
2025-09-25 15:43,78.82321428571429
2025-09-25 15:44,83.24047619047619
2025-09-25 15:45,87.68571428571428
2025-09-25 15:46,84.60571428571428
2025-09-25 15:47,84.87297297297297
2025-09-25 15:48,86.49705882352941
2025-09-25 15:49,96.865
2025-09-25 15:58,88.6
2025-09-25 16:22,50.2
2025-09-25 16:24,152.9
2025-09-25 19:31,156.2
2025-09-25 20:23,160.9
2025-09-26 04:19,48.6
2025-09-26 04:24,48.8
2025-09-26 04:25,44.0
2025-09-26 05:19,102.15000000000002
2025-09-26 06:19,116.58
2025-09-26 07:19,91.3
2025-09-26 08:20,94.28
2025-09-26 08:24,102.44999999999999
2025-09-26 09:20,103.19999999999999
2025-09-26 10:19,92.7
2025-09-26 10:24,159.0
2025-09-26 11:26,105.45
2025-09-26 11:27,117.01818181818182
2025-09-26 11:28,116.868
2025-09-26 12:23,121.94999999999999
2025-09-26 12:26,147.25
2025-09-26 13:27,150.075
2025-09-26 14:27,163.29999999999998
2025-09-26 14:28,126.17586206896551
2025-09-26 14:29,138.56071428571428
2025-09-26 15:02,135.96666666666667
2025-09-26 15:03,148.10555555555555
2025-09-26 15:04,141.99729729729728
2025-09-26 15:05,143.63333333333333
2025-09-26 15:06,132.80434782608697
2025-09-26 15:07,129.90526315789472
2025-09-26 15:08,127.49743589743589
2025-09-26 15:09,126.08250000000001
2025-09-26 15:10,123.11818181818181
2025-09-26 15:11,124.11666666666666
2025-09-26 15:12,120.26829268292683
2025-09-26 15:13,128.67741935483872
2025-09-26 15:14,129.34285714285716
2025-09-26 15:15,130.07560975609758
2025-09-26 15:16,136.23157894736843
2025-09-26 15:17,146.42340425531913
2025-09-26 15:18,156.18
2025-09-26 15:19,161.9909090909091
2025-09-26 15:20,158.14102564102564
2025-09-26 15:21,155.21212121212122
2025-09-26 15:22,156.73157894736843
2025-09-26 15:23,156.7093023255814
2025-09-26 15:24,160.60263157894735
2025-09-26 15:25,151.48333333333332
2025-09-26 15:26,152.475
2025-09-26 15:27,144.898
2025-09-26 15:28,154.72173913043477
2025-09-26 15:29,152.9738095238095
2025-09-26 15:30,158.72222222222223
2025-09-26 15:31,160.75
2025-09-26 15:32,157.296
2025-09-26 15:33,152.0591836734694
2025-09-26 15:34,154.88
2025-09-26 15:35,153.6157894736842
2025-09-26 15:36,160.8807692307692
2025-09-26 15:37,158.1025
2025-09-26 15:38,161.99512195121952
2025-09-26 15:39,164.01
2025-09-26 15:40,150.77659574468086
2025-09-26 15:41,138.71162790697673
2025-09-26 15:42,145.67586206896553
2025-09-26 15:43,140.7904761904762
2025-09-26 15:44,140.91111111111113
2025-09-26 15:45,143.65
2025-09-26 15:46,140.03181818181818
2025-09-26 15:47,130.5818181818182
2025-09-26 15:48,122.47368421052632
2025-09-26 15:49,129.73529411764707
2025-09-26 15:50,129.1891891891892
2025-09-26 15:51,138.83409090909092
2025-09-26 15:52,140.47674418604652
2025-09-26 15:53,137.69347826086957
2025-09-26 15:54,135.0170731707317
2025-09-26 15:55,138.28
2025-09-26 15:56,135.09411764705882
2025-09-26 15:57,134.25135135135136
2025-09-26 15:58,131.1236842105263
2025-09-26 15:59,134.55384615384617
2025-09-26 16:00,137.06046511627906
2025-09-26 16:01,149.0340909090909
2025-09-26 16:02,146.15151515151516
2025-09-26 16:03,150.34666666666666
2025-09-26 16:04,151.8047619047619
2025-09-26 16:05,149.2128205128205
2025-09-26 16:06,143.77777777777777
2025-09-26 16:07,140.48723404255318
2025-09-26 16:08,127.22727272727273
2025-09-26 16:09,112.70238095238095
2025-09-26 16:10,113.286
2025-09-26 16:11,117.82916666666667
2025-09-26 16:12,119.10526315789474
2025-09-26 16:13,113.546
2025-09-26 16:14,114.11428571428573
2025-09-26 16:15,126.54871794871794
2025-09-26 16:16,124.37837837837837
2025-09-26 16:17,129.38
2025-09-26 16:18,132.59428571428572
2025-09-26 16:19,135.0
2025-09-26 16:20,128.296
2025-09-26 16:21,134.32307692307694
2025-09-26 16:22,136.22553191489362
2025-09-26 16:23,142.2263157894737
2025-09-26 16:24,145.815
2025-09-26 16:25,140.36944444444444
2025-09-26 16:26,140.0157894736842
2025-09-26 16:27,146.322
2025-09-26 16:28,141.47
2025-09-26 16:29,130.6304347826087
2025-09-26 16:30,118.11219512195123
2025-09-26 16:31,128.55833333333334
2025-09-26 16:32,128.24871794871794
2025-09-26 16:33,133.9254901960784
2025-09-26 16:34,135.79038461538462
2025-09-26 16:35,141.51999999999998
2025-09-26 16:36,142.30425531914895
2025-09-26 16:37,143.222
2025-09-26 16:38,132.57222222222222
2025-09-26 16:39,137.4425
2025-09-26 16:40,134.84102564102565
2025-09-26 16:41,125.53255813953487
2025-09-26 16:42,125.86428571428571
2025-09-26 16:43,127.01333333333334
2025-09-26 16:44,122.75714285714287
2025-09-26 16:45,124.87948717948719
2025-09-26 16:46,118.42325581395349
2025-09-26 16:47,115.21428571428571
2025-09-26 16:48,123.025
2025-09-26 16:49,119.27297297297295
2025-09-26 16:50,117.81590909090909
2025-09-26 16:51,121.60425531914893
2025-09-26 16:52,121.4276595744681
2025-09-26 16:53,123.2875
2025-09-26 16:54,123.8638888888889
2025-09-26 16:55,105.90465116279069
2025-09-26 16:56,103.27317073170731
2025-09-26 16:57,107.853125
2025-09-26 16:58,110.87058823529412
2025-09-26 16:59,114.67249999999999
2025-09-26 17:00,107.94857142857143
2025-09-26 17:01,117.4342105263158
2025-09-26 17:02,118.1108695652174
2025-09-26 17:03,112.84107142857144
2025-09-26 17:04,119.9590909090909
2025-09-26 17:05,131.15555555555557
2025-09-26 17:06,136.49512195121952
2025-09-26 17:07,137.19347826086957
2025-09-26 17:08,150.58888888888887
2025-09-26 17:09,147.72325581395347
2025-09-26 17:10,147.61555555555555
2025-09-26 17:11,145.11666666666667
2025-09-26 17:12,144.79166666666666
2025-09-26 17:13,148.912
2025-09-26 17:14,156.91538461538462
2025-09-26 17:15,155.19268292682926
2025-09-26 17:16,152.85853658536584
2025-09-26 17:17,141.3137931034483
2025-09-26 17:18,141.67567567567568
2025-09-26 17:19,140.16739130434783
2025-09-26 17:20,134.9
2025-09-26 17:21,138.28378378378378
2025-09-26 17:22,144.8
2025-09-26 17:23,152.6810810810811
2025-09-26 17:24,150.0794871794872
2025-09-26 17:25,140.03157894736842
2025-09-26 17:26,134.58301886792452
2025-09-26 17:27,128.27647058823527
2025-09-26 17:28,126.69
2025-09-26 17:29,124.68205128205129
2025-09-26 17:30,126.60208333333333
2025-09-26 17:31,116.46875
2025-09-26 17:32,108.07674418604651
2025-09-26 17:33,118.18863636363636
2025-09-26 17:34,115.15526315789472
2025-09-26 17:35,116.46976744186045
2025-09-26 17:36,110.36888888888888
2025-09-26 17:37,112.35909090909091
2025-09-26 17:38,109.39999999999999
2025-09-26 17:39,112.92749999999998
2025-09-26 17:40,97.4860465116279
2025-09-26 17:41,98.20487804878049
2025-09-26 17:42,99.1103448275862
2025-09-26 17:43,90.26904761904763
2025-09-26 17:44,96.31891891891892
2025-09-26 17:45,93.39428571428572
2025-09-26 17:46,94.56666666666666
2025-09-26 17:47,96.97777777777779
2025-09-26 17:48,87.93235294117648
2025-09-26 17:49,89.2
2025-09-26 17:50,93.66666666666667
2025-09-26 17:51,83.12444444444444
2025-09-26 17:52,86.17777777777778
2025-09-26 17:53,85.22068965517242
2025-09-26 17:54,87.01875
2025-09-26 17:55,87.28484848484848
2025-09-26 17:56,82.80416666666666
2025-09-26 17:57,84.32127659574468
2025-09-26 17:58,80.9325
2025-09-26 17:59,68.20256410256411
2025-09-26 18:00,63.28
2025-09-26 18:01,45.2275
2025-09-26 18:02,44.99268292682927
2025-09-26 18:03,52.98684210526316
2025-09-26 18:04,52.33571428571428
2025-09-26 18:05,44.345238095238095
2025-09-26 18:06,42.895121951219515
2025-09-26 18:07,52.840476190476195
2025-09-26 18:08,63.54390243902439
2025-09-26 18:09,61.76944444444444
2025-09-26 18:10,62.14545454545455
2025-09-26 18:11,71.02285714285715
2025-09-26 18:12,65.25128205128206
2025-09-26 18:13,56.3609756097561
2025-09-26 18:14,55.2125
2025-09-26 18:15,59.285714285714285
2025-09-26 18:16,47.20952380952381
2025-09-26 18:17,50.39230769230769
2025-09-26 18:18,50.59142857142857
2025-09-26 18:19,51.766666666666666
2025-09-26 18:20,45.96923076923077
2025-09-26 18:21,49.190322580645166
2025-09-26 18:22,52.69285714285714
2025-09-26 18:23,55.66862745098039
2025-09-26 18:24,51.108823529411765
2025-09-26 18:25,43.80294117647059
2025-09-26 18:26,42.925581395348836
2025-09-26 18:27,41.32826086956521
2025-09-26 18:28,42.31739130434782
2025-09-26 18:29,47.69230769230769
2025-09-26 18:30,50.33611111111111
2025-09-26 18:31,41.27804878048781
2025-09-26 18:32,38.84871794871795
2025-09-26 18:33,36.25454545454546
2025-09-26 18:34,43.52222222222222
2025-09-26 18:35,34.02368421052632
2025-09-26 18:36,24.176315789473684
2025-09-26 18:37,21.680487804878048
2025-09-26 18:38,32.851063829787236
2025-09-26 18:39,30.771428571428572
2025-09-26 18:40,20.770967741935483
2025-09-26 18:41,26.345454545454547
2025-09-26 18:42,20.71320754716981
2025-09-26 18:43,25.31219512195122
2025-09-26 18:44,28.375
2025-09-26 18:45,20.41025641025641
2025-09-26 18:46,17.34054054054054
2025-09-26 18:47,18.557499999999997
2025-09-26 18:48,14.973809523809523
2025-09-26 18:49,20.175
2025-09-26 18:50,21.038888888888888
2025-09-26 18:51,27.123529411764707
2025-09-26 18:52,27.734210526315792
2025-09-26 18:53,36.855000000000004
2025-09-26 18:54,39.666071428571435
2025-09-26 18:55,39.546341463414635
2025-09-26 18:56,47.85405405405406
2025-09-26 18:57,44.989999999999995
2025-09-26 18:58,42.228846153846156
2025-09-26 18:59,40.219565217391306
2025-09-26 19:00,46.126666666666665
2025-09-26 19:01,47.06875
2025-09-26 19:02,39.62619047619047
2025-09-26 19:03,35.757894736842104
2025-09-26 19:04,37.50681818181818
2025-09-26 19:05,37.32727272727273
2025-09-26 19:06,36.99333333333333
2025-09-26 19:07,37.54772727272727
2025-09-26 19:08,43.51
2025-09-26 19:09,51.85581395348838
2025-09-26 19:10,41.238461538461536
2025-09-26 19:11,34.97272727272727
2025-09-26 19:12,31.569047619047616
2025-09-26 19:13,29.98205128205128
2025-09-26 19:14,33.15384615384615
2025-09-26 19:15,38.4875
2025-09-26 19:16,28.9
2025-09-26 19:17,27.68
2025-09-26 19:18,32.516666666666666
2025-09-26 19:19,20.320588235294117
2025-09-26 19:20,18.43783783783784
2025-09-26 19:21,14.952173913043477
2025-09-26 19:22,16.864102564102566
2025-09-26 19:23,15.814705882352943
2025-09-26 19:24,26.3025641025641
2025-09-26 19:25,29.016666666666666
2025-09-26 19:26,31.084615384615386
2025-09-26 19:27,35.63823529411765
2025-09-26 19:28,36.07419354838709
2025-09-26 19:29,34.883783783783784
2025-09-26 19:30,30.07962962962963
2025-09-26 19:31,23.33
2025-09-26 19:32,30.417142857142853
2025-09-26 19:33,32.822500000000005
2025-09-26 19:34,35.51315789473684
2025-09-26 19:35,40.410810810810815
2025-09-26 19:36,50.3
2025-09-26 19:37,50.43333333333333
2025-09-26 19:38,59.47727272727273
2025-09-26 19:39,55.73235294117647
2025-09-26 19:40,51.0
2025-09-26 19:41,47.21666666666667
2025-09-29 10:53,120.0
2025-09-30 23:43,106.25
2025-09-30 23:44,108.87272727272726
2025-09-30 23:45,98.81666666666666
2025-09-30 23:46,77.35454545454546
2025-09-30 23:47,69.28181818181818
2025-09-30 23:48,74.05454545454546
2025-09-30 23:49,77.46666666666667
2025-09-30 23:50,84.30909090909091
2025-09-30 23:51,89.85000000000001
2025-09-30 23:52,86.0
2025-09-30 23:57,125.0
2025-09-30 23:58,115.03333333333333
2025-09-30 23:59,112.8
2025-10-01 00:00,128.0
2025-10-01 00:05,128.0
2025-10-01 00:09,128.0
2025-10-01 00:14,107.50833333333333
2025-10-01 00:15,107.66521739130435
2025-10-01 00:16,111.43636363636364
2025-10-01 00:17,122.39565217391304
2025-10-01 00:18,121.70869565217392
2025-10-01 00:19,114.98181818181818
2025-10-01 00:20,111.1875
2025-10-01 00:21,110.06666666666668
2025-10-01 00:22,113.24782608695651
2025-10-01 00:23,110.25999999999999
2025-10-01 00:24,106.69090909090909
2025-10-01 00:25,112.85000000000001
2025-10-01 00:26,118.16666666666667
2025-10-01 00:27,120.14545454545454
2025-10-01 00:28,129.15833333333333
2025-10-01 00:29,120.19000000000001
2025-10-01 00:30,120.05833333333334
2025-10-01 00:31,112.64545454545454
2025-10-01 00:32,100.01818181818182
2025-10-01 00:33,111.72500000000001
2025-10-01 00:34,113.23571428571428
2025-10-01 00:35,106.30909090909091
2025-10-01 00:36,109.44782608695652
2025-10-01 00:37,103.3
2025-10-01 00:38,102.04782608695652
2025-10-01 00:39,107.00434782608696
2025-10-01 00:40,115.77272727272727
2025-10-01 00:41,116.12272727272726
2025-10-01 00:42,114.35714285714286
2025-10-01 00:43,110.41818181818181
2025-10-01 00:44,106.44444444444444
2025-10-01 09:55,106.825
2025-10-01 09:56,103.46363636363635
2025-10-01 09:57,107.18333333333334
2025-10-01 09:58,111.19090909090909
2025-10-01 09:59,121.675
2025-10-01 10:00,124.92727272727274
2025-10-01 10:01,128.88181818181818
2025-10-01 10:02,117.31818181818181
2025-10-01 10:03,136.30833333333334
2025-10-01 10:04,134.62
2025-10-01 10:06,111.83333333333333
2025-10-01 10:07,108.89090909090909
2025-10-01 10:08,111.84615384615384
2025-10-01 10:09,111.98181818181818
2025-10-01 10:10,118.10909090909091
2025-10-01 10:22,112.41428571428571
2025-10-01 10:23,128.93333333333334
2025-10-01 10:24,142.4909090909091
2025-10-01 10:25,161.42727272727274
2025-10-01 10:26,156.50833333333335
2025-10-01 10:27,151.48181818181817
2025-10-01 10:28,143.83636363636364
2025-10-01 10:29,134.01666666666668
2025-10-01 10:30,130.4090909090909
2025-10-01 10:31,116.08333333333333
2025-10-01 10:32,116.0
2025-10-01 10:33,119.3
2025-10-01 10:34,127.68181818181819
2025-10-01 10:35,133.98333333333332
2025-10-01 10:36,150.72727272727272
2025-10-01 10:37,156.4
2025-10-01 10:38,153.33636363636364
2025-10-01 10:39,150.57272727272726
2025-10-01 10:40,156.52727272727273
2025-10-01 10:41,165.275
2025-10-01 10:42,156.25454545454545
2025-10-01 10:43,159.56666666666666
2025-10-01 10:44,159.29999999999998
2025-10-01 10:45,158.24545454545455
2025-10-01 10:46,155.40833333333333
2025-10-01 10:47,137.66363636363636
2025-10-01 10:48,139.86363636363637
2025-10-01 10:49,154.83333333333334
2025-10-01 10:50,167.70909090909092
2025-10-01 10:51,174.23636363636362
2025-10-01 10:52,172.49166666666667
2025-10-01 10:53,164.0818181818182
2025-10-01 10:54,156.85833333333332
2025-10-01 10:55,158.39090909090908
2025-10-01 10:56,157.02727272727273
2025-10-01 10:57,146.11818181818182
2025-10-01 10:58,150.44166666666666
2025-10-01 10:59,163.9
2025-10-01 11:00,173.88333333333333
2025-10-01 11:01,173.3181818181818
2025-10-01 11:02,164.05454545454543
2025-10-01 11:03,164.47272727272727
2025-10-01 11:04,166.625
2025-10-01 11:05,144.53636363636363
2025-10-01 11:06,140.09166666666667
2025-10-01 11:07,130.95454545454547
2025-10-01 11:08,141.29166666666666
2025-10-01 11:09,142.27272727272728
2025-10-01 11:10,142.24545454545455
2025-10-01 11:11,138.89090909090908
2025-10-01 11:12,132.58333333333334
2025-10-01 11:13,129.10909090909092
2025-10-01 11:14,126.05
2025-10-01 11:15,132.9181818181818
2025-10-01 11:16,129.73636363636362
2025-10-01 11:17,128.8181818181818
2025-10-01 11:18,130.73333333333332
2025-10-01 11:19,143.8272727272727
2025-10-01 11:20,159.05833333333334
2025-10-01 11:21,166.35454545454547
2025-10-01 11:22,169.36363636363637
2025-10-01 11:23,171.46666666666667
2025-10-01 11:24,151.23636363636362
2025-10-01 11:25,146.97272727272727
2025-10-01 11:26,137.16666666666666
2025-10-01 11:27,128.42727272727274
2025-10-01 11:28,121.91818181818181
2025-10-01 11:29,122.74166666666667
2025-10-01 11:30,126.7909090909091
2025-10-01 11:31,124.41666666666667
2025-10-01 11:32,120.74545454545455
2025-10-01 11:33,118.31818181818181
2025-10-01 11:34,106.21818181818183
2025-10-01 11:35,110.03333333333335
2025-10-01 11:36,105.41818181818181
2025-10-01 11:37,110.36666666666667
2025-10-01 11:38,127.23636363636363
2025-10-01 11:39,126.9
2025-10-01 11:40,134.33636363636364
2025-10-01 11:41,133.4
2025-10-01 11:42,121.9909090909091
2025-10-01 11:43,119.49166666666667
2025-10-01 11:44,108.44545454545455
2025-10-01 11:45,107.55
2025-10-01 11:46,89.65454545454546
2025-10-01 11:47,79.77272727272727
2025-10-01 11:48,83.63636363636364
2025-10-01 11:49,95.84166666666665
2025-10-01 11:50,109.38181818181819
2025-10-01 11:51,103.20833333333333
2025-10-01 11:52,111.78181818181817
2025-10-01 11:53,125.64545454545454
2025-10-01 11:54,112.23636363636363
2025-10-01 11:55,100.85833333333333
2025-10-01 11:56,98.81818181818181
2025-10-01 11:57,95.575
2025-10-01 11:58,107.42727272727274
2025-10-01 11:59,114.34666666666666
2025-10-01 12:00,117.60434782608696
2025-10-01 12:01,108.57272727272726
2025-10-01 12:02,110.09545454545454
2025-10-01 12:03,112.15833333333335
2025-10-01 12:04,107.20454545454545
2025-10-01 12:05,104.07727272727271
2025-10-01 12:06,84.59565217391305
2025-10-01 12:07,71.76521739130435
2025-10-01 12:08,67.2304347826087
2025-10-01 12:09,71.04347826086956
2025-10-01 12:10,74.38181818181819
2025-10-01 12:11,73.42083333333333
2025-10-01 12:12,77.37727272727273
2025-10-01 12:13,77.02727272727272
2025-10-01 12:14,87.50416666666666
2025-10-01 12:15,95.18636363636364
2025-10-01 12:16,89.36363636363636
2025-10-01 12:17,90.74347826086957
2025-10-01 12:18,94.5
2025-10-01 12:19,94.78181818181817
2025-10-01 12:20,108.63870967741936
2025-10-01 12:21,107.7
2025-10-01 12:22,105.44444444444444
2025-10-01 12:23,103.92857142857143
2025-10-01 12:24,108.61212121212121
2025-10-01 12:25,109.51470588235294
2025-10-01 12:26,114.621875
2025-10-01 12:27,104.14117647058823
2025-10-01 16:03,101.5
2025-10-01 16:05,111.525
2025-10-01 16:06,116.18181818181819
2025-10-01 16:07,108.95714285714287
2025-10-01 16:18,104.575
2025-10-01 16:19,96.2
2025-10-01 16:20,107.24545454545455
2025-10-01 16:21,110.33636363636364
2025-10-01 16:22,122.64999999999999
2025-10-01 16:23,125.34545454545454
2025-10-01 16:24,125.48181818181818
2025-10-01 16:25,118.75833333333333
2025-10-01 16:26,117.22727272727273
2025-10-01 16:27,118.925
2025-10-01 16:28,105.03636363636365
2025-10-01 16:29,98.89090909090909
2025-10-01 16:30,106.28181818181817
2025-10-01 16:31,113.31666666666666
2025-10-01 16:32,121.44545454545455
2025-10-01 16:33,132.70000000000002
2025-10-01 16:34,146.05454545454543
2025-10-01 16:35,156.64166666666668
2025-10-01 16:36,152.4
2025-10-01 16:37,146.01818181818183
2025-10-01 16:38,141.75454545454548
2025-10-01 16:39,134.73333333333332
2025-10-01 16:40,132.88
2025-10-01 16:41,133.9181818181818
2025-10-01 16:42,131.4
2025-10-01 16:43,131.84545454545454
2025-10-01 16:44,148.05833333333334
2025-10-01 16:45,152.85454545454547
2025-10-01 16:46,158.29090909090908
2025-10-01 16:47,160.65454545454546
2025-10-01 16:48,163.50833333333333
2025-10-01 16:49,154.29999999999998
2025-10-01 16:50,158.56666666666666
2025-10-01 16:51,165.9181818181818
2025-10-01 16:52,168.60833333333332
2025-10-01 16:53,154.94
2025-10-01 16:54,164.50833333333333
2025-10-01 16:55,153.60909090909092
2025-10-01 16:56,147.925
2025-10-01 16:57,139.20909090909092
2025-10-01 16:58,137.67499999999998
2025-10-01 16:59,123.7090909090909
2025-10-01 17:00,105.15454545454546
2025-10-01 17:01,100.7
2025-10-01 17:02,105.39166666666667
2025-10-01 17:03,106.78181818181817
2025-10-01 17:04,100.21666666666665
2025-10-01 17:05,96.5
2025-10-01 17:06,94.74166666666667
2025-10-01 17:07,92.38181818181819
2025-10-01 17:08,88.9090909090909
2025-10-01 17:09,93.57272727272726
2025-10-01 17:10,92.625
2025-10-01 17:11,92.37272727272727
2025-10-01 17:12,89.86666666666667
2025-10-01 17:13,99.07272727272726
2025-10-01 17:14,101.8
2025-10-01 17:15,108.77000000000001
2025-10-01 17:16,120.05
2025-10-01 17:17,118.83636363636364
2025-10-01 17:18,101.65833333333335
2025-10-01 17:19,98.2090909090909
2025-10-01 17:20,86.05833333333334
2025-10-01 17:21,67.60909090909091
2025-10-01 17:22,51.89090909090908
2025-10-01 17:23,57.154545454545456
2025-10-01 17:24,49.76666666666667
2025-10-01 17:25,50.98181818181818
2025-10-01 17:26,51.49166666666667
2025-10-01 17:27,49.58181818181818
2025-10-01 17:28,52.43333333333334
2025-10-01 17:29,44.75454545454546
2025-10-01 17:30,51.08181818181818
2025-10-01 17:31,52.58181818181818
2025-10-01 17:32,64.98333333333333
2025-10-01 17:33,65.30909090909091
2025-10-01 17:34,50.90833333333333
2025-10-01 17:35,34.60909090909091
2025-10-01 17:36,30.71666666666667
2025-10-01 17:37,40.72727272727273
2025-10-01 17:38,36.018181818181816
2025-10-01 17:39,40.95454545454545
2025-10-01 17:40,40.75833333333333
2025-10-01 17:41,48.7
2025-10-01 17:42,47.96666666666667
2025-10-01 17:43,47.75454545454545
2025-10-01 17:44,49.50909090909091
2025-10-01 17:45,60.76666666666667
2025-10-01 17:46,60.99090909090909
2025-10-01 17:47,54.1
2025-10-01 17:48,57.85
2025-10-01 17:49,36.154545454545456
2025-10-05 23:25,99.27
2025-10-05 23:26,108.03636363636365
2025-10-05 23:27,104.21818181818183
2025-10-05 23:28,98.58181818181819
2025-10-05 23:29,105.175
2025-10-05 23:30,96.04545454545455
2025-10-05 23:31,104.10833333333333
2025-10-05 23:32,116.0090909090909
2025-10-05 23:33,122.55454545454545
2025-10-05 23:34,120.9909090909091
2025-10-05 23:35,130.525
2025-10-05 23:36,143.63636363636363
2025-10-05 23:37,132.98333333333332
2025-10-05 23:38,132.6727272727273
2025-10-05 23:39,126.925
2025-10-05 23:40,130.27272727272728
2025-10-05 23:41,120.24545454545455
2025-10-05 23:42,130.02666666666667
2025-10-05 23:43,112.0086956521739
2025-10-05 23:44,110.11363636363636
2025-10-05 23:45,113.69583333333333
2025-10-05 23:46,115.55
2025-10-05 23:47,120.07391304347826
2025-10-05 23:48,118.12105263157896
2025-10-05 23:49,127.925
2025-10-05 23:50,131.28181818181818
2025-10-05 23:51,133.1727272727273
2025-10-05 23:52,131.26666666666668
2025-10-05 23:53,130.3181818181818
2025-10-05 23:54,118.87916666666666
2025-10-05 23:55,113.21818181818183
2025-10-05 23:56,112.30454545454545
2025-10-05 23:57,106.5782608695652
2025-10-05 23:58,107.30434782608695
2025-10-05 23:59,104.87826086956522
2025-10-06 00:00,109.74347826086957
2025-10-06 00:01,120.32272727272726
2025-10-06 00:02,118.83181818181819
2025-10-06 00:03,121.41739130434782
2025-10-06 00:04,131.0695652173913
2025-10-06 00:05,130.83913043478262
2025-10-06 00:06,129.79090909090908
2025-10-06 00:07,157.27857142857144
2025-10-06 00:08,168.86363636363637
2025-10-06 00:09,167.36666666666667
2025-10-06 00:10,163.4090909090909
2025-10-06 00:11,159.0
2025-10-06 00:12,158.9090909090909
2025-10-06 00:13,156.86666666666667
2025-10-06 00:14,158.00909090909093
2025-10-06 00:15,172.20000000000002
2025-10-06 00:16,179.725
2025-10-06 00:17,181.38181818181818
2025-10-06 00:18,172.11818181818182
2025-10-06 00:19,169.73333333333332
2025-10-06 00:20,163.76666666666668
2025-10-06 08:52,112.175
2025-10-06 08:53,121.96363636363635
2025-10-06 08:54,108.625
2025-10-06 08:55,98.69090909090909
2025-10-06 08:56,99.28181818181817
2025-10-06 08:57,99.95454545454545
2025-10-06 08:58,86.69166666666666
2025-10-06 08:59,91.85454545454546
2025-10-06 09:00,82.83333333333333
2025-10-06 09:01,77.2909090909091
2025-10-06 09:02,78.96666666666667
2025-10-06 09:03,78.34545454545454
2025-10-06 09:04,80.34545454545454
2025-10-06 09:05,97.65454545454546
2025-10-06 09:06,107.24166666666667
2025-10-06 09:07,113.12727272727274
2025-10-06 09:08,124.47500000000001
2025-10-06 09:09,122.18181818181819
2025-10-06 09:10,119.45454545454545
2025-10-06 09:11,115.86666666666667
2025-10-06 09:12,121.93636363636364
2025-10-06 09:13,119.08181818181819
2025-10-06 09:14,123.04545454545455
2025-10-06 09:15,118.175
2025-10-06 09:16,106.96363636363635
2025-10-06 09:17,101.55
2025-10-06 09:18,102.31818181818181
2025-10-06 09:19,113.17272727272729
2025-10-06 09:20,113.25454545454545
2025-10-06 09:21,97.49166666666667
2025-10-06 09:22,99.07272727272726
2025-10-06 09:23,96.47500000000001
2025-10-06 09:24,101.67272727272729
2025-10-06 09:25,108.7090909090909
2025-10-06 09:26,94.325
2025-10-06 09:27,82.21818181818182
2025-10-06 09:28,84.35454545454546
2025-10-06 09:29,101.8
2025-10-06 09:30,116.39999999999999
2025-10-06 09:31,127.22727272727273
2025-10-06 09:32,122.85833333333333
2025-10-06 09:33,119.37272727272726
2025-10-06 09:34,132.02727272727273
2025-10-06 09:35,136.21818181818182
2025-10-06 09:36,145.80833333333334
2025-10-06 09:37,156.25454545454545
2025-10-06 09:38,152.35454545454547
2025-10-06 09:39,165.8
2025-10-06 09:40,173.36363636363637
2025-10-06 09:41,174.58333333333334
2025-10-06 09:42,168.79090909090908
2025-10-06 09:43,177.8272727272727
2025-10-06 09:44,182.95454545454547
2025-10-06 09:45,184.13636363636363
2025-10-06 09:46,184.85454545454547
2025-10-06 09:47,190.36363636363637
2025-10-06 09:48,193.2
2025-10-06 09:49,200.0727272727273
2025-10-06 09:50,200.36363636363637
2025-10-06 09:51,212.4
2025-10-06 09:52,205.7
2025-10-06 09:53,198.17000000000002
2025-10-06 09:54,186.63
2025-10-06 09:55,183.89090909090908
2025-10-06 09:56,179.22727272727272
2025-10-06 09:57,181.92000000000002
2025-10-06 09:58,204.44545454545457
2025-10-06 09:59,216.73000000000002
2025-10-06 10:00,214.72727272727272
2025-10-06 10:01,219.63000000000002
2025-10-06 10:02,230.20999999999998
2025-10-06 10:03,238.89000000000001
2025-10-06 10:04,242.94545454545457
2025-10-06 10:05,247.24
2025-10-06 10:06,244.01
2025-10-06 10:07,244.4333333333333
2025-10-06 10:08,239.9809523809524
2025-10-06 10:09,231.47272727272727
2025-10-06 10:10,230.53000000000003
2025-10-06 10:11,215.01052631578946
2025-10-06 10:12,197.83333333333334
2025-10-06 10:13,194.33999999999997
2025-10-06 10:14,182.22727272727272
2025-10-06 10:15,184.86363636363637
2025-10-06 10:16,179.28947368421052
2025-10-06 10:17,160.88181818181818
2025-10-06 10:18,158.16666666666666
2025-10-06 10:19,159.26470588235293
2025-10-06 10:20,173.73636363636362
2025-10-06 10:21,175.6909090909091
2025-10-06 10:22,168.6909090909091
2025-10-06 10:23,158.93
2025-10-06 10:24,160.53636363636363
2025-10-06 10:25,155.84
2025-10-06 10:26,150.44545454545457
2025-10-06 10:27,134.9
2025-10-06 10:28,143.02222222222224
2025-10-06 10:29,160.745
2025-10-06 10:30,157.27272727272728
2025-10-06 10:31,155.465
2025-10-06 10:32,168.60000000000002
2025-10-06 10:33,163.68
2025-10-06 10:34,154.0
2025-10-06 10:35,140.56363636363636
2025-10-06 10:36,149.315
2025-10-06 10:37,142.10999999999999
2025-10-06 10:38,138.24285714285713
2025-10-06 10:39,143.45999999999998
2025-10-06 10:40,140.16000000000003
2025-10-06 10:41,143.96666666666667
2025-10-06 10:42,155.27
2025-10-06 10:43,153.48
2025-10-06 10:44,149.8181818181818
2025-10-06 10:45,151.31
2025-10-06 10:46,143.12
2025-10-06 10:47,141.31
2025-10-06 10:48,147.37
2025-10-06 10:49,139.73636363636362
2025-10-06 10:50,143.21176470588236
2025-10-06 10:51,153.80666666666667
2025-10-06 10:52,147.25
2025-10-06 10:53,146.60999999999999
2025-10-06 10:54,139.32222222222222
2025-10-06 10:55,142.20000000000002
2025-10-06 10:56,141.525
2025-10-06 10:57,135.29090909090908
2025-10-06 10:58,145.76
2025-10-06 10:59,158.65454545454546
2025-10-06 11:00,157.11818181818182
2025-10-06 11:01,164.35238095238097
2025-10-06 11:02,170.65
2025-10-06 11:03,167.85454545454547
2025-10-06 11:04,164.04545454545453
2025-10-06 11:05,164.15
2025-10-06 11:06,153.0
2025-10-06 11:07,140.5
2025-10-06 11:08,152.78181818181818
2025-10-06 11:09,165.32999999999998
2025-10-06 11:10,170.5
2025-10-06 11:11,168.95
2025-10-06 11:12,177.27272727272728
2025-10-06 11:13,183.41
2025-10-06 11:14,193.98499999999999
2025-10-06 11:15,195.28333333333333
2025-10-06 11:16,192.37894736842108
2025-10-06 11:17,200.57777777777778
2025-10-06 11:18,203.95454545454547
2025-10-06 11:19,205.7
2025-10-06 11:20,206.4181818181818
2025-10-06 11:21,206.95
2025-10-06 11:22,223.36363636363637
2025-10-06 11:23,221.22727272727272
2025-10-06 11:24,223.6
2025-10-06 11:25,230.76999999999998
2025-10-06 11:26,226.96666666666667
2025-10-06 11:27,239.69473684210524
2025-10-06 11:28,236.3
2025-10-06 11:29,229.5
2025-10-06 11:30,225.1727272727273
2025-10-06 11:31,214.1090909090909
2025-10-06 11:32,226.84
2025-10-06 11:33,228.16363636363639
2025-10-06 11:34,241.8388888888889
2025-10-06 11:35,247.64000000000001
2025-10-06 11:36,247.8181818181818
2025-10-06 11:37,248.44545454545457
2025-10-06 11:38,248.20909090909092
2025-10-06 11:39,248.2555555555556
2025-10-06 11:40,247.11999999999998
2025-10-06 11:41,243.9818181818182
2025-10-06 11:42,247.3
2025-10-06 11:43,244.0
2025-10-06 11:44,233.32
2025-10-06 11:45,235.8090909090909
2025-10-06 11:46,242.96428571428572
2025-10-06 11:47,239.19
2025-10-06 11:48,230.37272727272727
2025-10-06 11:49,228.96842105263156
2025-10-06 11:50,220.45454545454547
2025-10-06 11:51,221.9818181818182
2025-10-06 11:52,214.35
2025-10-06 11:53,221.58095238095237
2025-10-06 11:54,224.05454545454543
2025-10-06 11:55,229.10999999999999
2025-10-06 11:56,228.71818181818182
2025-10-06 11:57,229.42
2025-10-06 11:58,227.55454545454543
2025-10-06 11:59,229.15454545454543
2025-10-06 12:00,239.03636363636363
2025-10-06 12:01,233.3272727272727
2025-10-06 12:02,233.07
2025-10-06 12:03,229.29090909090908
2025-10-06 12:04,227.03636363636363
2025-10-06 12:05,225.54000000000002
2025-10-06 12:06,234.35714285714286
2025-10-06 12:07,239.21052631578948
2025-10-06 12:08,233.6090909090909
2025-10-06 12:09,225.75294117647059
2025-10-06 12:10,208.28571428571428
2025-10-06 12:11,198.7952380952381
2025-10-06 12:12,201.26842105263157
2025-10-06 12:13,203.1
2025-10-06 12:14,189.34545454545457
2025-10-06 12:15,177.46363636363637
2025-10-06 12:16,181.8
2025-10-06 12:17,174.85294117647058
2025-10-06 12:18,181.78235294117647
2025-10-06 12:19,175.56315789473686
2025-10-06 12:20,165.7357142857143
2025-10-06 12:21,166.3421052631579
2025-10-06 12:22,171.98181818181817
2025-10-06 12:23,165.66875000000002
2025-10-06 12:24,166.19090909090912
2025-10-06 12:25,161.05454545454546
2025-10-06 12:26,161.5111111111111
2025-10-06 12:27,166.29444444444445
2025-10-06 12:28,156.41500000000002
2025-10-06 12:29,154.04
2025-10-06 12:30,140.615
2025-10-06 12:31,133.0625
2025-10-06 12:32,131.43157894736842
2025-10-06 12:33,135.20909090909092
2025-10-06 12:34,122.34210526315789
2025-10-06 12:35,117.96666666666667
2025-10-06 12:36,97.18571428571428
2025-10-06 12:37,95.34117647058824
2025-10-06 12:38,101.32857142857144
2025-10-06 12:39,105.95
2025-10-06 12:40,97.88
2025-10-06 12:41,93.5
2025-10-06 12:42,82.94210526315788
2025-10-06 12:43,80.295
2025-10-06 12:44,75.39500000000001
2025-10-06 12:45,87.69545454545454
2025-10-06 12:46,87.74375
2025-10-06 12:47,102.0
2025-10-06 12:48,104.94090909090909
2025-10-06 12:49,110.10000000000001
2025-10-06 12:50,110.15
2025-10-06 12:51,124.92352941176469
2025-10-06 12:52,135.10526315789474
2025-10-06 12:53,135.48235294117646
2025-10-06 12:54,128.2736842105263
2025-10-06 12:55,126.595
2025-10-06 12:56,116.18235294117646
2025-10-06 12:57,117.1086956521739
2025-10-06 12:58,115.75
2025-10-06 12:59,113.83157894736843
2025-10-06 13:00,121.6263157894737
2025-10-06 13:01,118.28571428571429
2025-10-06 13:02,119.1952380952381
2025-10-06 13:03,119.77777777777777
2025-10-06 13:42,113.81666666666666
2025-10-06 13:43,114.97222222222223
2025-10-06 13:44,121.75555555555555
2025-10-06 13:45,125.07272727272726
2025-10-06 13:46,135.075
2025-10-06 13:47,131.50526315789475
2025-10-06 13:48,127.9095238095238
2025-10-06 13:49,123.14117647058823
2025-10-06 13:50,123.90833333333335
2025-10-06 13:51,121.31500000000001
2025-10-06 13:52,135.44444444444446
2025-10-06 13:53,124.97058823529412
2025-10-06 13:54,114.9375
2025-10-06 13:55,117.85
2025-10-06 13:56,114.72777777777777
2025-10-06 13:57,108.9590909090909
2025-10-06 13:58,109.02777777777777
2025-10-06 13:59,111.60909090909091
2025-10-06 14:00,109.34210526315789
2025-10-06 14:01,102.38888888888889
2025-10-06 14:02,105.70526315789475
2025-10-06 14:03,101.345
2025-10-06 14:04,105.14117647058823
2025-10-06 14:05,109.23333333333333
2025-10-06 14:06,113.02727272727272
2025-10-06 14:07,108.09375
2025-10-06 14:08,113.17
2025-10-06 14:09,107.075
2025-10-06 14:10,91.69500000000001
2025-10-06 14:11,86.52631578947368
2025-10-06 14:12,91.35333333333332
2025-10-06 14:13,109.76190476190476
2025-10-06 14:14,112.99473684210527
2025-10-06 14:15,110.64117647058823
2025-10-06 14:16,107.675
2025-10-06 14:17,109.24545454545455
2025-10-06 14:18,110.20526315789475
2025-10-06 14:19,107.26315789473684
2025-10-06 14:20,113.3
2025-10-06 14:21,115.2578947368421
2025-10-06 14:22,111.28636363636365
2025-10-06 14:23,113.32631578947367
2025-10-06 14:24,119.82000000000001
2025-10-06 14:25,123.17272727272729
2025-10-06 14:26,116.96315789473685
2025-10-06 14:27,107.9047619047619
2025-10-06 14:28,98.81764705882354
2025-10-06 14:29,89.53
2025-10-06 14:30,83.3409090909091
2025-10-06 14:31,93.28
2025-10-06 14:32,76.94285714285715
2025-10-06 14:33,68.07222222222222
2025-10-06 14:34,65.51818181818182
2025-10-06 14:35,64.67368421052632
2025-10-06 14:36,53.03846153846154
2025-10-06 14:37,45.636842105263156
2025-10-06 14:38,44.30526315789474
2025-10-06 14:39,41.31
2025-10-06 14:40,52.529999999999994
2025-10-06 14:41,50.64166666666667
2025-10-06 14:42,57.05499999999999
2025-10-06 14:43,77.79130434782608
2025-10-06 14:44,90.15
2025-10-06 14:45,94.84
2025-10-06 14:46,99.73636363636363
2025-10-06 14:47,94.25882352941177
2025-10-06 14:48,94.0
2025-10-06 14:49,89.155
2025-10-06 14:50,80.82777777777778
2025-10-06 14:51,76.64545454545454
2025-10-06 14:52,94.05384615384615
2025-10-06 14:53,97.17777777777778
2025-10-06 14:54,116.34705882352942
2025-10-06 14:55,130.64000000000001
2025-10-06 14:56,135.87058823529412
2025-10-06 14:57,145.3875
2025-10-06 14:58,137.33529411764704
2025-10-06 14:59,135.92857142857142
2025-10-06 15:00,130.775
2025-10-06 15:01,122.23333333333333
2025-10-06 15:02,117.45625
2025-10-06 15:03,119.34117647058824
2025-10-06 15:04,130.87142857142857
2025-10-06 15:05,125.82352941176471
2025-10-06 15:06,120.57647058823531
2025-10-06 15:07,114.98181818181818
2025-10-06 15:08,117.325
2025-10-06 15:09,132.64666666666668
2025-10-06 15:10,138.02105263157895
2025-10-06 15:11,149.76666666666665
2025-10-06 15:12,154.72727272727272
2025-10-06 15:13,154.6888888888889
2025-10-06 15:14,156.88125
2025-10-06 15:15,158.70434782608697
2025-10-06 15:16,169.21176470588236
2025-10-06 15:17,176.625
2025-10-06 15:18,173.17142857142858
2025-10-06 15:19,176.36499999999998
2025-10-06 15:20,171.2875
2025-10-06 15:21,176.50454545454545
2025-10-06 15:22,174.25
2025-10-06 15:23,178.125
2025-10-06 15:24,180.215
2025-10-06 15:25,177.00588235294117
2025-10-06 15:26,163.6157894736842
2025-10-06 15:27,167.20000000000002
2025-10-06 15:28,168.80625
2025-10-06 15:29,167.07999999999998
2025-10-06 15:30,171.33499999999998
2025-10-06 15:31,173.56666666666666
2025-10-06 15:32,159.3111111111111
2025-10-06 15:33,146.98947368421054
2025-10-06 15:34,146.79999999999998
2025-10-06 15:35,138.8
2025-10-06 15:36,145.06842105263158
2025-10-06 15:37,150.66315789473683
2025-10-06 15:38,152.75
2025-10-06 15:39,153.2388888888889
2025-10-06 15:40,161.2
2025-10-06 15:41,172.8722222222222
2025-10-06 15:42,173.79285714285714
2025-10-06 15:43,168.02666666666667
2025-10-06 15:44,160.69411764705882
2025-10-06 15:45,146.83913043478262
2025-10-06 15:46,134.92631578947368
2025-10-06 15:47,137.22857142857143
2025-10-06 15:48,138.67142857142858
2025-10-06 15:49,139.7888888888889
2025-10-06 15:50,136.98823529411766
2025-10-06 15:51,133.93
2025-10-06 15:52,140.3875
2025-10-06 15:53,158.96
2025-10-06 15:54,160.89565217391305
2025-10-06 15:55,165.43157894736842
2025-10-06 15:56,173.08499999999998
2025-10-06 15:57,170.9416666666667
2025-10-06 15:58,177.05454545454543
2025-10-06 15:59,196.08333333333334
2025-10-06 16:00,194.13333333333335
2025-10-06 16:01,193.30555555555554
2025-10-06 16:02,190.39375
2025-10-06 16:03,199.33157894736843
2025-10-06 16:04,207.8777777777778
2025-10-06 16:05,216.5
2025-10-06 16:06,220.82941176470587
2025-10-06 16:07,216.81428571428575
2025-10-06 16:08,214.6888888888889
2025-10-06 16:09,212.51
2025-10-06 16:10,217.15454545454543
2025-10-06 16:11,218.9
2025-10-06 16:12,226.4181818181818
2025-10-06 16:13,225.6222222222222
2025-10-06 16:14,239.86363636363637
2025-10-06 16:15,241.55625
2025-10-06 16:16,244.6
2025-10-06 16:17,243.965
2025-10-06 16:18,247.15217391304347
2025-10-06 16:19,231.71875
2025-10-06 16:20,221.33684210526314
2025-10-06 16:21,213.45263157894738
2025-10-06 16:22,220.275
2025-10-06 16:23,222.13529411764708
2025-10-06 16:24,220.01176470588234
2025-10-06 16:25,230.15
2025-10-06 16:26,238.0875
2025-10-06 16:27,247.6772727272727
2025-10-06 16:28,239.85999999999999
2025-10-06 16:29,230.8625
2025-10-06 16:30,226.57
2025-10-06 16:31,221.025
2025-10-06 16:32,230.4944444444444
2025-10-06 16:33,237.5388888888889
2025-10-06 16:34,233.70000000000002
2025-10-06 16:35,233.26666666666668
2025-10-06 16:36,226.95999999999998
2025-10-06 16:37,215.44
2025-10-06 16:38,206.35555555555555
2025-10-06 16:39,202.67368421052632
2025-10-06 16:40,209.98333333333332
2025-10-06 16:41,204.25
2025-10-06 16:42,201.03
2025-10-06 16:43,191.6
2025-10-06 16:44,178.025
2025-10-06 16:45,182.92857142857142
2025-10-06 16:46,185.0625
2025-10-06 16:47,178.23888888888888
2025-10-06 16:48,176.84736842105264
2025-10-06 16:49,175.6222222222222
2025-10-06 16:50,158.21904761904761
2025-10-06 16:51,153.32222222222222
2025-10-06 16:52,153.9125
2025-10-06 16:53,146.63181818181818
2025-10-06 16:54,134.15
2025-10-06 16:55,120.56875
2025-10-06 16:56,117.12
2025-10-06 16:57,102.41666666666667
2025-10-06 16:58,96.185
2025-10-06 16:59,93.0909090909091
2025-10-06 17:00,83.04666666666667
2025-10-06 17:01,92.03636363636363
2025-10-06 17:02,91.91875
2025-10-06 17:03,80.17272727272727
2025-10-06 17:04,75.56666666666666
2025-10-06 17:05,78.07272727272726
2025-10-06 17:06,68.25
2025-10-06 17:07,68.23684210526316
2025-10-06 17:08,68.59
2025-10-06 17:09,61.955555555555556
2025-10-06 17:10,66.98888888888888
2025-10-06 17:11,64.55454545454546
2025-10-06 17:12,64.44736842105263
2025-10-06 17:13,72.41666666666667
2025-10-06 17:14,84.18
2025-10-06 17:15,82.85555555555555
2025-10-06 17:16,77.20476190476191
2025-10-06 17:17,76.65
2025-10-06 17:18,68.5611111111111
2025-10-06 17:19,52.370000000000005
