weekday,weekday_num,vibration
Monday,0,1.1756061569774838
Tuesday,1,1.084946831135687
Wednesday,2,4.343811944091486
Thursday,3,6.094871794871795
Friday,4,5.785217391304347
Saturday,5,5.078147165259348
Sunday,6,5.107149171270718
