weekday,weekday_num,vibration
Monday,0,5.277888766922795
Tuesday,1,5.314857723577235
Wednesday,2,5.546272401433692
Thursday,3,6.784371859296482
Friday,4,5.81363321799308
Saturday,5,5.078147165259348
Sunday,6,5.765204236006051
